id,username,Gender,email,Country,Age,Business or personal,days since ac creation,days since last tweet,days since last login,#of Tweets,#of Tweets / day,Facebook member?,Pinterest member?,Instagram member?,use twitter for authorization?,Profile pic?,Profile description?,# Following,# of Followers,Mobile570,cortizfm,F,apetersonft@wikia.com,Jamaica,22,personal,610,7,0,621,1,1,0,0,1,1,1,640,372,1996,rholmes8g,F,llynchrn@accuweather.com,China,23,personal,180,2,0,339,2,1,0,0,1,1,1,366,114,1817,jcunninghamoe,F,hgarrettmo@google.com.hk,Slovenia,18,personal,1713,29,24,1870,1,1,0,1,1,0,1,1799,428,1238,cwilsonhk,M,srose6l@phpbb.com,Namibia,30,personal,2140,5,0,3668,2,1,1,1,1,1,0,2204,920,1244,rcampbell4q,M,wwheeler6r@disqus.com,China,29,business,454,4,4,651,1,1,0,1,1,0,1,476,286,149,levans3o,M,bnichols1c@theglobeandmail.com,China,22,personal,332,25,8,803,3,1,0,1,1,0,0,335,80,1861,gcarrollap,M,bburkenw@rediff.com,France,29,business,239,26,9,363,2,1,0,0,1,1,1,251,67,186,gcruza8,F,abell2d@nsw.gov.au,France,24,personal,2154,1,0,2261,1,1,0,1,1,1,1,6484,539,1298,kalexandermj,M,cburke89@cbc.ca,Russia,26,personal,2133,17,6,2521,1,1,0,1,1,1,0,6419,533,1691,rchapmanjs,M,jfranklinj6@reverbnation.com,Philippines,25,personal,1669,4,0,4999,3,1,0,0,0,1,1,5058,384,1158,swagnerrk,F,dromero4d@istockphoto.com,Yemen,21,personal,703,12,7,1902,3,1,1,1,1,1,0,1414,176,1881,lmorganri,F,rwagnerog@hubpages.com,Vietnam,26,personal,461,25,18,1106,3,1,0,1,1,1,1,1392,300,1479,eevans61,M,fgrahamda@nbcnews.com,China,23,personal,705,9,1,1949,3,1,0,1,1,1,1,2143,458,1943,bwallacegd,F,jbowmanq6@sakura.ne.jp,Lesotho,18,personal,367,19,10,965,3,1,0,0,1,1,0,1118,231,1103,pweaverow,F,astone2u@guardian.co.uk,Sweden,30,business,865,1,0,2079,2,1,0,1,1,0,1,2604,588,0120,bleej6,M,jgilbert3b@home.pl,Philippines,26,personal,777,8,1,1149,1,1,0,1,1,0,1,808,210,1540,cperrybs,F,jchavezez@weather.com,Guatemala,25,personal,1703,25,22,3148,2,0,1,1,1,1,1,1720,1073,0257,plarsoncp,M,jwelch74@google.nl,Indonesia,23,personal,938,8,8,1176,1,1,0,1,1,1,0,1905,394,0640,bthompsonqz,F,jbakerhr@wordpress.com,United States,23,personal,1773,9,7,2313,1,1,0,0,1,1,1,1791,780,1224,ajacobs9m,M,aspencer67@thetimes.co.uk,Ecuador,19,personal,31,11,10,42,2,1,0,0,1,1,1,63,13,112,dscottb5,F,tpowellb@ocn.ne.jp,Greece,26,personal,855,1,0,1472,2,1,0,1,1,1,1,863,205,1356,dlawsono,F,ahenderson9v@lycos.com,Argentina,23,personal,1235,30,17,1474,1,1,0,1,1,1,1,2531,568,1608,jhawkins6q,M,smyersgv@feedburner.com,China,24,business,239,25,23,274,1,1,0,1,1,1,1,720,50,1467,bbaileyhc,M,bfernandezcy@tumblr.com,Mongolia,22,personal,43,25,19,37,2,1,0,1,1,1,0,87,19,1175,mcookka,M,aharris4u@sakura.ne.jp,Poland,27,business,996,7,1,2151,2,0,0,1,0,1,0,1025,408,1915,bpowellkw,F,rsimspe@meetup.com,Poland,27,personal,484,13,1,1035,2,1,0,0,0,1,1,992,227,188,awilliams38,F,bolson2f@webs.com,Chad,22,personal,948,30,16,1999,2,1,0,1,1,0,0,967,597,1707,pevansos,F,mjamesjm@tinyurl.com,Spain,29,business,343,25,8,829,3,1,0,0,1,0,1,356,161,079,chudson9l,F,sramos26@cmu.edu,Ecuador,19,personal,204,1,1,303,1,1,0,1,0,1,1,619,128,1679,pbellg3,F,rleeiu@slashdot.org,Kazakhstan,19,personal,480,31,8,1057,2,1,0,0,1,1,0,499,211,1967,eevansfe,M,tthomasqu@hubpages.com,Ireland,18,personal,546,18,9,1399,3,0,0,1,1,1,1,1120,257,028,lpierce8h,M,pgutierrezr@mediafire.com,Colombia,20,personal,285,2,1,446,2,0,0,0,0,1,1,581,125,0802,jjohnsonp8,M,spricem9@china.com.cn,Sweden,29,business,2423,29,14,5646,2,1,0,0,1,1,0,7293,1090,1668,jfisherne,F,tphillipsij@marriott.com,Russia,21,personal,2263,28,13,6564,3,1,0,1,1,0,1,2331,951,1962,medwardso1,F,cwallaceqp@cyberchimps.com,Russia,18,personal,1453,10,9,4135,3,1,0,1,1,0,1,2978,654,1750,acoleaz,M,kparkerkt@wikia.com,Georgia,26,business,462,2,0,1246,3,0,0,0,1,1,1,1409,203,1602,lturner6p,M,ptaylorgp@geocities.jp,China,24,personal,1068,18,17,2716,3,0,0,1,1,1,1,3236,299,150,krossol,M,rgordon1d@usgs.gov,South Korea,30,personal,306,6,6,876,3,1,0,1,1,1,1,309,138,1977,mdixon8d,F,ktaylorr4@exblog.jp,China,21,personal,680,21,19,677,1,1,0,1,1,1,1,1395,456,1800,agonzalezeb,F,hbowmanm7@plala.or.jp,Indonesia,23,personal,327,27,11,409,1,0,1,1,1,1,1,997,199,0241,jrobertsonqk,M,kharris6o@1week.com,United States,27,personal,357,19,11,426,1,1,0,0,1,1,1,1075,164,1583,staylor6m,F,pfernandezg6@engadget.com,China,22,personal,1036,7,2,1567,2,1,1,1,1,1,0,2124,290,1501,rstephensdj,F,dtaylordw@howstuffworks.com,Indonesia,30,personal,361,14,13,556,2,1,0,1,1,0,0,729,90,1399,hkelleyl7,F,cmooreb2@google.nl,Portugal,27,personal,1362,17,7,2521,2,0,0,0,1,1,1,2766,599,0966,cbrooks17,M,jhuntqt@senate.gov,Australia,20,business,963,26,5,2220,2,1,0,0,1,1,1,2908,597,1641,kdeanlg,F,thunterhs@lycos.com,Portugal,28,personal,1882,9,4,3750,2,1,0,1,1,1,1,5683,470,0856,mpattersonlq,F,dallennr@ustream.tv,Portugal,19,personal,312,19,11,623,2,1,1,1,1,1,1,318,147,0696,tjacobsok,M,fstewartjb@shutterfly.com,South Africa,28,business,223,27,7,316,2,1,0,0,1,1,0,457,58,0728,jpriceg4,M,jtorresk7@edublogs.org,Kazakhstan,25,personal,830,11,4,1378,2,0,0,0,1,1,0,863,365,1963,jvasquez2q,M,jjacobsqq@biblegateway.com,Brazil,19,business,381,26,13,787,2,1,0,0,1,0,1,769,179,1986,bhawkinso4,M,hmorenord@comcast.net,Russia,30,personal,844,29,21,2385,3,1,1,0,1,1,1,2549,236,0402,jwalkerjj,F,athompsonb5@scribd.com,Philippines,30,personal,1299,25,2,2003,2,1,0,1,1,0,1,3910,818,1623,bbowmanoq,M,rfowlerha@google.es,Spain,28,personal,635,1,0,1536,2,1,1,1,1,1,0,1289,419,115,bhowell1p,M,sbankse@unicef.org,Brazil,22,personal,814,10,0,1324,2,0,0,1,1,1,1,855,545,1765,pmartinezjv,F,ngibsonl8@homestead.com,Philippines,24,personal,950,9,1,1655,2,1,0,1,1,1,1,988,636,1811,prileyrh,F,pkellymi@deviantart.com,Vietnam,29,personal,297,13,12,414,1,0,1,0,1,0,0,904,184,1660,twalkerbu,M,phowardib@rambler.ru,Guinea,28,personal,741,25,8,1950,3,1,0,1,1,1,0,2254,356,1737,vjohnsonp6,F,tharriskg@deviantart.com,Sweden,29,personal,1403,7,3,2128,2,0,0,1,1,0,1,4278,617,1440,srogerskh,M,gsimpsonc7@cnn.com,Poland,25,personal,1174,5,5,3057,3,0,1,0,0,0,1,3545,293,1663,pwilliamsor,F,mpayneie@cpanel.net,Spain,28,personal,74,2,0,155,2,1,1,1,1,0,1,151,45,121,jstonepj,F,jpricek@engadget.com,Thailand,25,business,335,4,3,341,1,1,0,0,1,0,1,687,141,1226,spricecn,F,jflores69@symantec.com,Indonesia,19,business,860,11,1,1476,2,1,1,0,1,0,1,2616,551,1973,pgibsonez,F,lbishopr0@accuweather.com,Indonesia,28,personal,1725,28,0,4132,2,1,0,1,1,0,1,1759,397,194,pwestb1,M,ejenkins2l@newyorker.com,Germany,18,personal,120,30,6,208,2,1,0,0,1,1,1,124,34,1105,mbishopb7,F,kmeyer2w@bizjournals.com,Greece,23,personal,1170,17,7,3100,3,1,0,1,1,1,1,1217,304,0698,cnichols8o,F,probertsjd@fastcompany.com,Colombia,24,personal,1294,1,1,3794,3,1,0,0,1,1,0,3908,544,142,vhartb0,M,tweaver15@desdev.cn,Germany,30,personal,200,6,5,383,2,1,1,0,1,1,0,206,54,1853,lrobertson7w,M,rtorresno@usa.gov,China,18,personal,339,16,6,490,2,1,0,1,1,1,0,1032,153,0880,hmorrisonff,F,tramosof@flavors.me,Israel,26,personal,69,1,1,155,2,1,0,1,1,1,1,207,30,1403,saustin8l,M,hthompsonb6@prnewswire.com,Colombia,19,personal,1666,2,2,4102,2,1,0,1,1,1,1,1716,1100,1170,swhitei,M,jthompson4p@oaic.gov.au,Argentina,22,personal,2141,7,2,3248,2,1,0,0,0,1,0,2227,1392,1729,twheelernk,F,jevansk8@ox.ac.uk,Russia,27,personal,215,11,11,250,1,1,1,1,1,1,1,224,140,1308,wcollinsq3,F,cfreeman8j@senate.gov,Ukraine,20,personal,595,1,0,768,1,0,1,1,0,1,1,1208,375,1714,devanslk,F,cbishopjt@wp.com,Portugal,24,personal,530,1,1,1289,2,1,0,1,1,1,0,535,249,12,karnold1b,F,darmstrong1@gov.uk,Belarus,23,business,336,10,2,806,2,1,0,1,1,1,0,353,77,152,jdixonb6,F,jcrawford1f@google.cn,Greece,22,personal,630,13,13,1736,3,0,0,1,1,1,1,1266,410,0673,dlittlee1,F,lkingio@forbes.com,Indonesia,27,business,847,5,0,1778,2,0,0,0,1,1,0,856,407,1744,emoore2c,F,jgilbertkn@nasa.gov,Brazil,19,personal,1486,28,22,1885,1,0,0,1,1,1,1,4503,401,1206,dmarshallm5,M,gporter5p@salon.com,Russia,29,personal,72,23,7,82,2,0,1,0,1,1,1,221,30,1337,rhill9n,M,pharvey9c@furl.net,Ecuador,22,personal,582,22,6,649,1,1,0,1,1,1,0,1757,384,1279,aburtonmf,M,lwood7q@bbc.co.uk,Russia,19,business,750,28,3,1327,2,1,0,1,1,1,0,1537,360,1347,aalvarezcy,F,jwest9m@com.com,Indonesia,27,personal,753,11,3,1239,2,0,1,1,0,1,1,1536,512,0824,lgarza7p,F,hvasquezmv@wunderground.com,China,26,personal,316,12,8,355,1,0,1,0,1,1,0,332,209,1374,cleebf,F,phendersonad@hibu.com,Greece,25,personal,420,31,27,464,1,1,0,1,1,1,0,845,88,0978,lgilbert35,M,jwestr5@g.co,Canada,27,personal,879,31,25,886,1,1,0,1,1,1,0,2663,545,1661,wcollins6z,F,mtuckeric@japanpost.jp,China,19,business,2094,8,7,3081,1,0,0,0,1,1,0,6302,523,1584,ajohnsonle,M,achavezg7@ca.gov,Portugal,20,personal,65,4,3,123,2,1,0,0,0,0,1,196,41,029,eporter3i,F,ckings@mail.ru,China,20,personal,227,31,19,229,1,1,0,1,1,0,1,459,154,0843,slawrenceof,F,awheelerne@wsj.com,Slovenia,22,personal,2214,6,4,6527,3,1,0,0,1,0,0,4472,1041,1527,ayoungp3,M,celliottem@redcross.org,Sweden,25,personal,300,10,6,541,2,1,0,0,1,1,1,915,129,0699,jgraham73,M,ngreeneje@state.gov,China,30,personal,345,2,1,361,1,0,0,0,0,1,1,708,79,189,nryanfk,F,jchapman2g@uol.com.br,Jamaica,22,personal,1603,16,14,2309,1,1,0,0,1,1,1,1683,433,1239,grobinson4n,M,dromero6m@google.pl,China,29,personal,1024,19,3,2360,2,1,1,1,1,1,1,1044,655,0251,tgarcia4u,F,tharvey6y@microsoft.com,China,24,personal,646,16,0,1278,2,0,0,0,1,1,1,652,265,0303,dweaverr7,F,nrogers8e@pbs.org,Venezuela,20,personal,85,27,18,72,1,1,0,1,1,1,0,88,38,0314,dgriffincv,M,bberry8p@google.co.jp,Indonesia,22,personal,409,20,11,484,1,0,1,0,1,0,1,823,274,1650,egranti6,F,dpetersoni1@ustream.tv,Oman,30,personal,1668,1,1,4212,3,1,0,1,1,1,1,3419,1051,0107,madams3w,M,wellis2y@alexa.com,China,22,personal,2193,3,0,3787,2,1,0,1,1,0,0,6644,899,1200,malvarezpm,M,chamilton5j@webs.com,Thailand,30,business,57,19,9,40,1,1,0,1,1,0,0,60,26,1371,ewardd3,M,jelliottaa@accuweather.com,Indonesia,26,personal,663,5,0,1744,3,1,1,0,1,1,1,1994,166,1416,lortiz5m,F,ewatsonbj@discuz.net,China,22,personal,269,27,13,397,2,1,0,0,1,1,1,820,124,1735,rpattersong5,M,jgrahamke@seattletimes.com,Kazakhstan,18,personal,2454,29,16,4078,2,1,0,0,1,1,1,7411,1546,1907,jwoodsx,F,gsanchezp6@tinypic.com,Argentina,23,personal,1517,4,3,2094,1,1,0,1,1,0,1,1532,319,1872,tkelleyeo,M,rwheelero7@wired.com,Indonesia,22,personal,247,12,3,699,3,1,1,1,1,1,0,255,114,1128,jgordong,M,jthompson3j@joomla.org,Argentina,18,business,340,26,11,634,2,1,0,1,1,0,1,347,228,1741,pfisherkp,F,jrobertsonkk@ibm.com,Poland,20,personal,660,30,12,1867,3,1,0,1,1,0,0,2014,271,1153,smyersip,F,bsims48@etsy.com,Peru,24,business,686,2,2,1766,3,1,0,0,1,1,1,2072,322,1179,bcoleman9y,M,bwillis4y@exblog.jp,Ethiopia,30,personal,2477,4,1,5984,2,1,0,1,1,1,1,2502,1586,1573,ssimpsonld,F,bgarciafw@discovery.com,Portugal,24,personal,1404,20,11,3875,3,1,0,1,1,1,0,1474,674,1705,bjordanb4,F,jfordjk@blogtalkradio.com,Ghana,27,personal,955,25,3,1451,2,1,0,0,0,1,1,2911,229,1601,wcox26,M,ehowellgo@sourceforge.net,Brazil,22,personal,1294,10,2,1648,1,1,1,1,1,1,0,1307,880,134,mcook3k,M,wcruzx@rediff.com,China,21,personal,32,21,3,20,2,1,0,1,1,1,1,65,21,1517,dkennedyh3,M,mwatsonec@fotki.com,Mexico,26,personal,490,26,16,1397,3,1,0,1,1,1,1,1000,226,1208,rshawck,M,hwoods5r@odnoklassniki.ru,Indonesia,27,personal,647,5,0,1272,2,1,0,0,1,1,0,1300,401,1894,bjordanie,F,lfernandezot@ed.gov,Pakistan,30,business,241,9,6,607,3,1,0,1,1,0,1,489,65,0819,kperryp9,F,mstanleymq@flickr.com,Sweden,23,personal,1611,12,9,1683,1,1,0,1,1,0,1,4912,773,1873,msnyder7x,M,emoraleso8@amazon.de,China,30,personal,650,8,4,867,1,0,1,1,1,1,1,1982,403,0731,cwelchh6,F,mriveraka@1688.com,Mexico,29,personal,389,9,2,532,1,1,0,1,1,1,0,789,167,0695,rwagner72,F,lmeyerja@jugem.jp,China,18,personal,1291,22,17,1749,1,1,0,0,1,1,1,1343,542,1776,jellis8,M,afreemanlj@fda.gov,Albania,22,personal,347,9,7,514,2,1,0,0,1,1,1,365,149,1941,jgrayls,F,jblackq4@pcworld.com,Portugal,27,personal,967,13,3,2182,2,1,0,1,1,1,1,996,416,1121,eelliottbv,F,ariley3c@wisc.edu,Haiti,20,personal,969,29,16,1228,1,1,0,1,1,1,1,1008,271,166,rpaynek6,F,esimpson1t@51.la,Poland,20,business,801,6,1,1471,2,1,0,1,1,1,1,1627,337,1771,sramirezkr,F,kstevensle@php.net,Poland,27,personal,1086,28,5,2620,2,1,0,1,1,1,0,2184,467,1566,jfrazierqv,M,ahawkinsfp@marketwatch.com,United States,21,business,1010,11,10,2747,3,0,0,1,0,1,0,1060,636,1364,ehillcz,M,bhansona3@acquirethisname.com,Indonesia,21,personal,2054,16,11,4217,2,1,0,0,0,1,1,6244,842,1171,jperezm4,F,pdunn4q@issuu.com,Russia,19,personal,571,24,11,1497,3,1,0,1,1,0,0,600,143,1998,tfergusonl1,F,mcookrp@liveinternet.ru,Poland,28,business,287,8,7,308,1,1,0,0,1,0,1,301,121,058,rwagnerby,F,kkim1l@wsj.com,Honduras,24,personal,395,6,6,539,1,1,0,1,0,1,1,1205,103,1505,ddunni0,M,rchaveze0@google.de,Nigeria,22,personal,356,23,4,784,2,1,0,0,1,1,0,359,85,1684,bthomasfx,M,jfloresiz@cyberchimps.com,Japan,30,personal,979,26,2,1311,1,0,0,1,1,1,1,2948,451,0655,jstanley6y,F,dfieldsi6@weibo.com,China,30,personal,1240,22,14,1546,1,0,0,0,0,1,1,1289,818,0235,dtucker4l,M,awells6i@freewebs.com,China,22,business,1281,6,6,1322,1,1,0,0,1,1,0,1319,845,1754,holsone6,F,mandrewskx@about.me,Indonesia,26,personal,2049,4,0,2544,1,1,0,1,1,0,1,4180,574,1560,jandersonbh,M,pstephensfj@desdev.cn,Greece,29,personal,920,5,3,1620,2,1,0,1,1,0,1,1876,561,1329,emeyerbq,F,trussell94@abc.net.au,Guatemala,30,business,812,3,1,2118,3,0,0,0,1,1,1,2453,333,1874,jhughesgq,M,jrodriguezo9@forbes.com,Madagascar,30,personal,1374,23,5,1934,1,0,0,1,1,1,1,1442,838,1726,mjordane4,F,afernandezk5@vinaora.com,Indonesia,27,personal,73,26,12,47,1,1,0,1,1,1,1,76,48,1572,dpricegh,F,jaustinfv@imgur.com,Lithuania,20,personal,356,4,1,646,2,1,0,1,1,1,1,374,242,173,jporterqh,M,dwashington20@sina.com.cn,United States,24,personal,682,22,12,1662,3,0,1,1,1,1,1,689,457,0794,rrose1e,M,srichardsonm1@scribd.com,Belarus,24,personal,603,29,19,839,1,1,0,0,1,1,1,1840,290,1278,jsanchezme,F,ehunter7p@mac.com,Russia,19,personal,1419,2,2,3003,2,1,1,1,1,1,0,2909,639,1137,jlawrenceik,M,aoliver3s@time.com,Panama,30,personal,1919,7,0,4434,2,1,0,1,1,0,0,3895,461,1953,hholmes8a,M,astanleyqg@army.mil,China,27,personal,279,27,15,560,2,0,0,0,1,1,1,572,128,0950,vburnsgc,M,bharperqd@dell.com,Latvia,30,business,87,19,12,80,1,1,0,0,1,1,1,264,20,1835,mburtonf8,F,lmedinan6@lycos.com,Iran,19,personal,518,8,3,765,1,1,0,1,1,1,1,538,347,0339,ntorresjh,F,akelley9e@51.la,Philippines,29,personal,2116,22,16,3566,2,1,1,1,1,1,1,6411,1354,0290,lreedmh,F,aray81@comsenz.com,Russia,25,business,809,23,16,2060,3,1,0,0,1,1,0,2452,194,0396,fgreend5,F,nbanksaz@miitbeian.gov.cn,Indonesia,28,personal,179,19,19,283,2,0,0,0,1,1,0,185,41,1783,ejohnson7i,M,hhalllq@techcrunch.com,China,30,business,571,30,22,838,2,1,0,0,1,0,1,599,388,1271,jreynolds1u,F,kbutler7i@wiley.com,Brazil,30,personal,1196,14,9,1258,1,1,1,0,1,1,1,1256,766,0455,tharrison5w,M,jjonescm@photobucket.com,China,29,personal,1716,19,3,3113,2,1,0,1,1,0,1,1733,360,1544,elittle24,M,swheelerf3@hhs.gov,Brazil,19,personal,843,28,6,1830,2,1,1,1,1,1,0,2554,236,1772,bfernandezks,M,pcampbelllf@cisco.com,Poland,22,personal,545,2,0,1606,3,0,0,1,1,1,1,1112,136,1183,cmorrison1t,M,ajacobs52@dyndns.org,Brazil,25,personal,184,15,2,453,3,1,0,1,1,1,1,375,46,114,jhill1o,M,vpayned@desdev.cn,Brazil,18,personal,444,20,2,569,1,0,1,0,1,0,0,1356,209,117,drileyk5,M,pjohnstong@earthlink.net,Poland,25,personal,622,14,7,1009,2,1,0,1,1,1,0,1897,155,1740,bwagner11,F,rhawkinskj@shutterfly.com,Armenia,27,personal,190,20,19,197,1,0,0,1,1,0,1,191,45,1842,ejohnsonlp,F,sandrewsnd@forbes.com,Portugal,21,personal,205,10,7,528,3,0,1,0,0,0,1,417,92,1157,lrichards47,M,jjohnson4c@aboutads.info,China,27,personal,1503,28,0,2802,2,1,1,1,1,0,1,1548,691,1215,rgeorgehw,F,kschmidt5y@blogtalkradio.com,Nigeria,27,business,1024,19,13,2098,2,1,0,0,1,0,1,3082,625,1719,pbaileyf7,M,dcarpenterjy@marriott.com,Iran,26,business,602,8,3,1099,2,1,1,0,1,0,1,620,289,1610,sarmstrong6s,M,breyesgx@tmall.com,China,19,personal,275,8,6,427,2,1,0,1,1,0,1,834,187,1692,aknightjt,F,bbradleyj7@dropbox.com,Philippines,24,personal,98,7,2,140,2,1,0,0,1,1,1,202,60,1704,sreedrg,M,jstevensjj@census.gov,Vietnam,25,personal,892,6,2,1295,1,1,0,1,1,1,1,2711,580,0529,asullivanmz,F,lrusselleo@1wire.com,Russia,25,personal,865,7,5,2139,2,1,0,0,1,1,0,2620,381,1869,lmyersjx,F,nwatkinso4@vistaprint.com,Philippines,21,personal,370,14,0,967,3,1,1,0,1,1,0,1127,225,1124,krichardshl,F,lstone3f@hhs.gov,Nepal,28,personal,1784,16,5,5114,3,1,0,1,1,1,0,5387,1088,0220,candersoncm,M,smccoy63@chron.com,Indonesia,24,personal,763,23,13,1708,2,1,0,1,1,1,1,2311,343,1877,jharveybm,F,dmitchelloc@uiuc.edu,Greece,19,personal,1271,28,14,2062,2,1,0,1,1,1,1,2568,864,1213,jreynoldsox,F,sturner5w@e-recht24.de,Sweden,25,personal,1837,3,2,2320,1,1,0,0,0,1,0,5529,514,1523,rrobinson6d,M,gmorganei@amazon.de,China,19,personal,786,28,17,1021,1,1,1,1,1,1,1,1587,322,1859,lsullivan34,F,tharrisonnu@weather.com,Canada,24,personal,1465,7,6,4184,3,0,1,1,0,1,1,4468,689,1323,acoxig,F,sperez8y@oaic.gov.au,Palestinian Territory,24,personal,1472,21,20,2799,2,1,0,1,1,1,0,4444,677,1666,tjacobs9i,F,tfieldsih@ucoz.com,Dominican Republic,18,business,1839,17,7,4384,2,1,0,1,1,1,0,5610,1140,1716,bstevensju,F,imendozajv@i2i.jp,Philippines,30,personal,954,29,28,1684,2,0,0,1,1,1,1,1946,258,0131,lalvarezhn,M,brichards3m@360.cn,Netherlands,29,business,611,16,12,1008,2,0,0,0,1,1,0,1241,135,1778,preynolds7g,M,bhunterll@census.gov,China,28,personal,1393,19,6,1656,1,0,0,1,1,1,1,4235,334,1230,rhicksco,F,mgreen6d@free.fr,Indonesia,24,personal,169,22,0,307,2,0,1,0,1,1,1,510,47,1590,ppierce93,M,pdaygd@networkadvertising.org,Czech Republic,26,personal,1934,11,3,4306,2,1,0,1,1,1,0,3946,909,1556,jwatkinsou,F,volsonff@123-reg.co.uk,Sudan,19,business,875,29,3,2133,3,1,0,1,1,1,0,1776,184,1701,jfranklin74,M,jpricejg@dailymail.co.uk,China,24,personal,87,4,0,204,2,0,1,1,0,1,1,265,20,010,jgordon1n,F,tflores9@hostgator.com,Brazil,20,personal,633,1,0,1359,2,0,1,0,1,1,0,1912,272,1491,vgutierrez67,F,nryandm@jugem.jp,China,24,personal,949,30,19,1009,1,1,0,1,1,1,0,1935,645,0338,mmills5a,M,fscott9d@nbcnews.com,China,26,personal,1282,20,7,2032,2,1,0,1,1,1,0,2602,538,1197,mwoodi9,M,cjordan5g@bravesites.com,Pakistan,24,business,2339,15,13,6858,3,0,0,0,1,1,0,4772,491,127,tmurphyj0,F,lburtonq@miibeian.gov.cn,Philippines,30,personal,171,23,2,418,3,1,0,0,0,0,1,346,114,0678,wjordanot,M,pcarterit@washingtonpost.com,Sri Lanka,19,personal,600,12,10,1102,2,1,0,1,1,0,1,1806,270,0317,jwood91,F,hjames8s@technorati.com,Czech Republic,28,personal,403,4,2,565,1,1,0,0,1,0,0,826,165,1395,rcrawford5k,M,lrayay@hugedomains.com,China,26,personal,546,7,6,724,1,1,0,0,1,1,1,573,333,0101,ewest1c,F,kwelch2s@biglobe.ne.jp,Belarus,29,personal,671,16,6,1304,2,0,0,0,0,1,1,691,436,1844,hreed7u,M,jpaynenf@columbia.edu,China,19,personal,50,12,7,73,2,1,0,0,1,1,1,153,12,1210,jjohnstoncl,F,tcunningham5t@ezinearticles.com,Indonesia,19,personal,521,1,0,1114,2,1,1,1,1,1,1,1578,141,0370,sthomasd2,M,rruiza9@ox.ac.uk,Indonesia,22,personal,1041,28,0,1919,2,0,0,0,1,1,1,3153,219,0761,dwilsone8,F,afloresl4@123-reg.co.uk,Indonesia,19,personal,1086,9,3,2671,2,1,0,1,1,1,0,3278,478,0900,jcoxhp,F,rreedoz@cyberchimps.com,Netherlands,22,personal,784,14,6,922,1,0,1,0,1,0,1,816,188,1939,ahansen9w,F,tstoneq2@hud.gov,Estonia,18,personal,53,14,8,46,1,1,0,1,1,1,1,160,15,0461,dcunninghammw,F,smitchellcs@ifeng.com,Russia,23,personal,103,3,0,300,3,1,0,1,1,0,0,312,50,1974,mmendozakz,F,jowensr1@acquirethisname.com,Poland,21,business,1077,26,7,1488,1,1,0,1,1,0,0,3254,700,1325,gmorris56,M,mbishop90@bravesites.com,China,20,personal,191,2,1,525,3,1,1,0,1,1,1,198,118,1612,bmorrisonrl,M,dgrantgz@arizona.edu,Yemen,21,personal,769,7,6,1223,2,1,0,0,1,1,1,1560,469,1288,wwellsmg,M,cchapman7z@bing.com,Russia,19,personal,1542,19,7,4491,3,1,0,0,1,1,1,3162,416,1503,pbryantlb,F,mwatsondy@ocn.ne.jp,Portugal,28,personal,2327,13,11,5438,2,1,0,1,1,0,1,2350,1001,1219,cmills4h,M,garmstrong62@ezinearticles.com,China,20,personal,1293,11,3,1757,1,1,1,1,1,1,0,3932,336,1182,rhenderson1d,M,jevans51@boston.com,Belarus,22,business,465,8,8,1067,2,1,0,1,1,0,1,940,219,1528,dscottdl,M,cbradleyen@list-manage.com,Indonesia,26,personal,1048,5,2,1763,2,1,0,1,1,0,0,1069,681,1119,jkellyoo,F,dgomez3a@php.net,Spain,23,business,58,23,12,74,2,1,0,0,1,1,1,119,16,1930,jtorres2o,M,dgreenpt@eepurl.com,Brazil,28,personal,108,9,2,236,2,1,0,1,1,1,1,220,50,1378,sjohnsonb,F,blittleah@ihg.com,Angola,30,personal,910,19,15,2631,3,1,0,1,1,1,0,928,200,123,jgarrett1i,F,cfreemanm@ask.com,Bosnia and Herzegovina,23,personal,1630,25,24,3405,2,1,0,0,0,1,1,1662,1076,1618,alawrenceha,F,areynoldsh5@furl.net,Moldova,19,personal,2087,20,1,2119,1,1,1,1,1,1,0,2170,1273,1397,smeyer5l,F,jmorrisb0@4shared.com,China,26,personal,1743,29,21,2506,1,1,0,1,1,1,1,5298,418,178,lwebbfc,M,arogers25@statcounter.com,Ireland,23,personal,589,3,0,1671,3,1,0,1,1,1,1,1796,124,1889,cschmidtjz,M,gmurrayoo@reverbnation.com,Philippines,20,personal,304,18,15,439,2,1,0,0,1,1,0,927,185,1882,dwatsonep,M,wdiazoh@zdnet.com,Indonesia,30,business,609,3,0,1803,3,1,0,1,1,0,1,622,414,0242,tharper4o,F,lwillis6p@cafepress.com,China,22,personal,1145,20,7,3033,3,1,0,1,1,0,1,2336,527,1430,fmcdonaldqp,F,jduncanbx@vistaprint.com,United States,24,personal,650,4,0,1248,2,0,1,1,1,1,1,1307,416,0464,aramirezdf,M,sdiazcv@odnoklassniki.ru,Indonesia,25,personal,1418,11,3,3557,3,1,0,1,1,1,0,1489,298,077,hwatkinscc,F,ajordan24@yolasite.com,Indonesia,27,personal,1120,21,15,2217,2,1,0,0,1,1,1,1131,694,1102,wclark3u,M,rcoleman2t@usa.gov,China,25,personal,224,7,7,608,3,1,0,0,1,1,1,457,63,1167,jfieldsa9,M,jwood4m@cisco.com,France,30,personal,2150,15,0,3760,2,1,0,1,1,1,1,4342,559,1342,tcollins9g,M,ataylor9h@myspace.com,Dominican Republic,21,personal,342,27,25,591,2,1,0,1,1,1,1,1040,144,1990,kclarkf9,M,hshawrh@soundcloud.com,Iran,24,business,621,8,7,1434,2,1,0,1,1,1,1,634,130,1537,pfernandezn2,M,nhendersonew@independent.co.uk,Russia,18,personal,473,12,4,764,2,1,0,1,1,1,0,955,217,171,amontgomery3r,M,tburns1y@csmonitor.com,China,21,business,2491,5,4,4335,2,0,0,1,0,1,0,2591,573,1261,bstonemb,M,gferguson78@meetup.com,Russia,21,personal,268,23,20,735,3,1,0,0,0,1,1,806,171,1307,jramosoz,M,rknight8i@webeden.co.uk,Sweden,25,personal,922,22,3,1305,1,1,0,1,1,0,0,1862,203,1516,rmurrayic,F,rmyerseb@shareasale.com,Pakistan,19,business,49,22,5,33,1,1,0,0,1,0,1,150,30,0997,bsanchez13,M,jpetersonro@reverbnation.com,Armenia,25,personal,1402,18,2,2852,2,1,0,1,0,1,1,4278,926,1879,gclarkpa,F,pgrantoe@sciencedirect.com,Sweden,23,personal,767,7,0,1608,2,1,0,0,1,1,0,775,330,1609,gmorales6r,M,jgordongw@shareasale.com,China,20,personal,831,9,1,1795,2,0,0,1,1,1,1,2501,390,0576,elynchgk,M,rporterfz@google.ru,Luxembourg,20,personal,311,27,11,831,3,0,0,0,0,1,1,936,87,0468,bfranklindg,F,mphillipscz@live.com,Indonesia,25,business,145,18,10,319,2,1,0,0,1,1,0,150,91,1333,asnydermm,M,jbradley98@noaa.gov,Russia,28,personal,94,31,4,170,3,1,0,1,1,0,1,191,23,1428,jgardner5p,F,jcarterbv@devhub.com,China,19,personal,215,30,7,470,3,1,0,1,1,0,1,437,103,1822,ghicks7o,F,ptuckermt@unesco.org,China,20,business,40,8,7,44,1,0,0,0,1,1,1,82,9,1343,tbaileyob,F,jrivera9i@netvibes.com,Slovenia,30,personal,406,31,0,1117,3,0,0,1,1,1,1,426,167,1838,vjohnstoneg,F,kjamesn9@lulu.com,Indonesia,21,personal,207,12,4,565,3,1,0,1,1,1,1,628,91,1806,nmartinau,M,ahughesmd@craigslist.org,French Polynesia,29,personal,430,24,9,1093,3,1,0,1,1,1,1,1300,189,1296,clewiscu,M,fmyers87@bluehost.com,Indonesia,25,personal,501,1,0,1291,3,0,1,1,1,1,1,1023,135,0664,lknightdy,F,awallaceif@wordpress.com,Indonesia,23,personal,1484,29,16,2430,2,1,0,0,1,1,1,4512,356,1444,jbrowndd,F,hortizcb@topsy.com,Indonesia,25,personal,199,2,1,577,3,1,1,1,1,1,0,598,95,1789,bjohnsonjw,M,pcarrlw@mapquest.com,Philippines,27,personal,480,25,10,639,1,1,0,1,1,0,0,485,298,1534,nmorris23,M,jhendersonet@photobucket.com,Brazil,26,personal,127,19,8,244,2,0,0,0,1,1,1,128,86,0753,ikingin,M,abrownkw@wikimedia.org,Papua New Guinea,26,business,816,6,3,1651,2,1,0,0,1,1,1,2488,351,1289,ewardcs,F,nwells80@dailymotion.com,Indonesia,20,personal,1975,13,4,4652,2,1,0,1,1,1,1,2014,1303,0326,mfernandez57,F,cphillips91@telegraph.co.uk,China,23,personal,826,20,3,1733,2,1,1,1,1,1,1,2493,528,0109,rfoxj4,M,fday30@amazon.com,Philippines,25,business,1663,24,12,2606,2,1,0,0,1,1,0,1747,749,0841,ahughesr3,F,bmurraync@ezinearticles.com,United States,29,personal,135,31,26,165,2,0,0,0,1,1,0,275,89,1423,mallen5o,M,pjamesbq@seesaa.net,China,27,business,756,9,4,2168,3,1,0,0,1,0,1,763,491,1136,nwilliamsm1,M,amorales3r@mapquest.com,Russia,28,personal,669,21,1,1050,2,1,1,0,1,1,1,2012,160,0804,lreedno,M,rperrymb@cbsnews.com,Russia,28,personal,845,29,12,1308,2,1,0,1,1,0,1,2544,363,1805,rpayneht,F,arichardsonmc@networkadvertising.org,Nicaragua,19,personal,1350,12,0,2726,2,1,1,1,1,1,0,2714,878,1493,jcollinsbz,F,bjonesdo@lulu.com,Honduras,27,personal,1467,14,8,2777,2,0,0,1,1,1,1,2979,939,1161,dpetersj9,M,creyes4g@blogger.com,Philippines,20,personal,66,21,1,90,2,1,0,1,1,1,1,69,18,156,dgonzalez3p,M,tgeorge1j@squidoo.com,China,30,personal,536,2,0,1373,3,0,1,0,1,0,0,1624,343,137,rhart3l,F,mbrooks10@auda.org.au,China,18,personal,189,11,2,519,3,1,0,1,1,1,0,386,47,1665,swhitedz,M,slynchig@huffingtonpost.com,Indonesia,30,personal,2253,26,2,5058,2,0,0,1,1,0,1,6870,541,1199,bshawaa,F,bburke5i@storify.com,France,27,personal,614,31,9,779,1,0,1,0,0,0,1,1234,270,1615,jwilson27,M,sdayh2@cbc.ca,Brazil,29,personal,265,20,17,566,2,1,1,1,1,0,1,808,167,1141,pcastillob9,F,ddiaz3w@dyndns.org,Greece,25,business,398,23,6,857,2,1,0,0,1,0,1,414,247,1734,drichardsi2,M,kbishopkd@hibu.com,Nigeria,28,business,100,4,3,184,2,1,1,0,1,0,1,305,22,1653,rperry6x,M,jcruzi4@blogspot.com,China,24,personal,1962,20,9,4834,2,1,0,1,1,0,1,5985,942,1988,ngomezf1,M,dwellsrf@guardian.co.uk,Indonesia,25,personal,1334,31,28,1719,1,1,0,0,1,1,1,1361,814,1363,rnicholsmr,F,kmorenoa2@bizjournals.com,Russia,27,personal,376,16,9,715,2,1,0,1,1,1,1,760,105,0217,rjackson4g,F,dcarr60@elpais.com,China,22,personal,966,17,6,1620,2,1,0,0,1,1,0,1014,599,1681,rhansenbi,F,shernandeziw@unc.edu,Greece,25,personal,804,11,11,834,1,1,1,0,1,1,0,844,547,1310,bburke53,M,jhicks8l@si.edu,China,24,personal,992,27,18,2465,3,1,0,1,1,1,0,3015,674,0448,llaner,F,jharriscf@dmoz.org,Argentina,18,personal,397,1,0,764,2,1,0,1,1,1,1,815,83,1149,staylor45,M,hjohnson44@epa.gov,China,22,personal,225,9,7,522,2,1,0,1,1,1,1,452,56,145,jelliotta3,F,amurray18@furl.net,France,19,personal,1795,6,3,5280,3,1,0,0,0,1,0,1831,377,1994,molivero5,M,mlopezrl@1wire.com,Russia,24,personal,1316,29,22,3568,3,1,1,1,1,1,1,2684,895,185,smontgomery8x,F,proberts2c@wp.com,Czech Republic,21,personal,382,26,25,830,2,0,1,1,0,1,1,767,164,1104,maustin3v,M,ebradley2v@phoca.cz,China,21,personal,1012,5,2,2305,2,1,0,1,1,1,0,3078,456,1850,hlawson2k,M,lbrownnl@de.vu,Brazil,24,business,2391,29,25,4420,2,1,0,1,1,1,0,7196,980,1949,marnoldny,M,rbanksqc@slideshare.net,Russia,23,personal,104,16,3,98,1,0,0,1,1,1,1,315,70,0569,cdunndr,M,hkelleyfs@auda.org.au,Indonesia,29,business,372,7,5,846,2,0,0,0,1,1,0,1131,167,1502,pthomasgz,F,aharperdx@netlog.com,Malta,18,personal,499,12,1,793,2,0,0,1,1,1,1,519,135,1181,csimmons4a,F,joliver50@histats.com,China,23,personal,563,2,1,1533,3,0,1,0,1,1,1,569,349,1914,asims84,M,fsnyderpd@wunderground.com,China,22,personal,2129,27,4,4341,2,1,0,1,1,1,0,4364,873,1586,rrodriguezfd,F,vwilsong9@usa.gov,Ireland,20,business,480,19,14,693,1,1,0,1,1,1,0,495,293,1600,pbrooks6o,F,lrogersgn@lycos.com,China,29,personal,1128,3,0,3258,3,0,1,1,0,1,1,3408,711,0642,cwagnerfw,M,blawrenceht@paypal.com,Japan,25,personal,321,19,19,799,3,0,1,0,1,1,0,331,144,1458,ahallih,M,cpowellcp@tiny.cc,Palestinian Territory,21,personal,58,1,0,143,2,1,0,1,1,1,0,60,38,0546,sbrownfu,M,jlynchf5@scribd.com,Japan,30,personal,203,14,14,291,2,1,0,1,1,1,0,207,83,1703,cortize2,F,dtorresji@ebay.co.uk,Indonesia,18,business,679,11,8,1983,3,0,0,0,1,1,0,1392,163,1675,rwalker9e,M,vburkeiq@prnewswire.com,Democratic Republic of the Congo,28,personal,1512,2,2,3306,2,1,0,0,0,0,1,1527,620,0855,bfoxnr,M,agibsonnq@altervista.org,Russia,20,personal,862,7,4,2211,3,1,0,1,1,0,1,897,578,0254,mrileyoh,F,sburton71@intel.com,South Africa,26,personal,725,26,16,1005,1,1,0,0,1,0,0,1457,486,1550,lreynoldsn4,F,jmorrisf9@mediafire.com,Russia,28,personal,192,11,10,541,3,1,0,0,1,1,1,201,54,0940,jjones8v,F,bjohnsonq3@domainmarket.com,Cuba,19,personal,190,10,7,416,2,0,0,0,0,1,1,581,118,1710,mbarnes95,F,mbarnesjp@behance.net,Czech Republic,24,personal,714,7,3,2051,3,1,0,0,1,1,1,1436,150,1381,nwelchqn,M,rfrazierak@hubpages.com,United States,29,personal,62,8,0,76,1,1,1,1,1,1,1,188,29,0689,cgarzaf6,M,dgordonj4@washingtonpost.com,Iran,26,personal,559,30,1,1369,3,0,0,0,1,1,1,1701,358,0617,rsnyderkm,M,bnicholsh4@blogs.com,Poland,18,personal,370,4,1,600,2,1,0,1,1,1,0,747,244,0795,rgonzaleze9,F,nlongm2@youtu.be,Indonesia,26,personal,369,24,12,556,2,0,1,0,1,0,1,1125,229,135,freedfo,F,jmccoyy@globo.com,Japan,21,personal,193,31,21,315,2,1,0,1,1,1,1,202,87,0198,preyesqj,M,jsmith5h@theglobeandmail.com,United States,20,personal,726,14,12,1299,2,1,0,1,1,0,0,1460,487,167,pboydf2,F,gwatson1u@macromedia.com,Iran,29,business,921,26,9,1596,2,1,0,1,1,0,0,2809,608,1944,rramospb,M,psnyderq7@whitehouse.gov,Sweden,30,personal,1085,20,8,1315,1,1,1,0,1,1,1,1140,228,1391,pwilsonga,F,abrooksau@thetimes.co.uk,Laos,29,personal,1673,1,0,2467,1,1,0,0,1,1,1,1690,1104,1260,sgutierrezma,M,rkennedy77@diigo.com,Russia,23,personal,266,1,1,791,3,1,0,0,1,1,1,534,74,1594,mgarrettn8,F,gpricegh@blogs.com,Russia,22,personal,1687,30,7,4786,3,1,0,1,1,0,1,1704,354,187,sprice1r,F,randrews2e@patch.com,Brazil,25,personal,567,14,13,599,1,1,1,1,1,1,0,590,369,1736,jramirezpv,F,scarrkf@adobe.com,Tunisia,23,business,2376,3,1,4245,2,1,0,1,1,0,1,4823,974,1365,wlaned0,F,pwashingtona4@netscape.com,Indonesia,22,personal,754,10,2,2013,3,1,0,1,1,0,0,2285,498,1299,scarpenter1v,M,cthompson8a@ebay.com,Brazil,21,business,908,29,10,1495,2,1,0,0,1,1,1,2762,436,1127,jcarroll2w,F,mrobertson3i@shop-pro.jp,Canada,21,personal,686,11,1,1158,2,1,0,1,1,1,1,1406,302,15,pmoreno3d,M,wbowman4@ow.ly,China,30,personal,155,19,13,354,3,1,0,1,1,1,0,162,37,1742,hfreemang6,F,arussellkl@eventbrite.com,Kazakhstan,22,personal,446,16,7,491,1,1,0,0,0,1,1,905,272,1165,jfreeman48,M,jnichols4k@uiuc.edu,China,19,personal,1944,9,1,5492,3,1,1,1,1,1,0,3908,428,1870,bmurrayjy,F,skimo5@sphinn.com,Philippines,20,personal,305,30,2,808,3,1,0,1,1,1,1,624,134,1415,mdeandb,F,drobertsbi@joomla.org,Indonesia,29,personal,512,22,9,633,1,1,0,1,1,1,1,1542,133,1916,rreednv,M,shunterpf@hugedomains.com,Russia,20,personal,2507,24,18,2556,1,1,0,0,1,1,0,5040,1655,1985,gpetersa2,F,mlewisrc@naver.com,Finland,20,business,2428,12,10,5812,2,1,0,1,1,0,1,7332,1044,0732,rmatthewsr1,F,jortizkb@cnbc.com,United States,29,personal,831,16,6,2349,3,1,0,1,1,0,1,2536,208,1433,phall5q,F,rmurphyc0@printfriendly.com,China,29,personal,1219,28,1,3308,3,0,1,1,1,1,1,3707,793,0781,kbutlerao,M,smorenolo@macromedia.com,France,23,personal,36,1,0,58,2,1,0,1,1,1,0,74,8,0125,kwallacel3,F,bwilson3g@va.gov,Portugal,30,personal,1561,30,8,3118,2,1,0,0,1,1,1,3169,952,1593,areedn7,M,htaylorgg@ebay.co.uk,Russia,30,personal,2379,21,15,5431,2,1,0,0,1,1,1,2474,666,1630,dgutierrezak,F,emitchellhh@pinterest.com,France,25,personal,314,13,13,487,2,1,0,1,1,1,1,643,210,197,kcrawford3t,M,pparker2o@ask.com,China,22,personal,79,13,3,158,2,1,0,1,1,1,1,240,17,1697,thughesim,F,sfranklinjc@nydailynews.com,Panama,21,business,779,3,3,1117,1,1,0,1,1,1,1,787,335,1114,swebbj5,F,mfox35@globo.com,Philippines,30,personal,244,1,0,264,1,1,0,1,1,1,0,743,112,1762,cellis7d,F,svasquezl5@wunderground.com,China,22,business,1248,29,22,1668,1,0,0,1,0,1,0,1260,537,1624,kjohnstondv,M,dleehb@slideshare.net,Indonesia,21,personal,988,7,3,2175,2,1,0,0,0,1,1,1008,632,1389,nparkerji,M,crossas@taobao.com,Philippines,25,personal,89,28,3,134,2,1,0,1,1,0,0,179,43,1847,dortizqe,F,delliottni@berkeley.edu,Ukraine,25,business,1000,25,9,1575,2,1,0,0,1,0,1,3050,630,0952,tnichols9k,F,kschmidtqf@histats.com,Dominican Republic,28,personal,364,19,17,488,1,1,0,1,0,1,1,731,80,1515,mhendersonr6,F,rsandersea@usda.gov,Uzbekistan,18,personal,1056,21,20,2609,3,1,0,0,1,1,0,2164,654,1262,aburke4v,M,rdean79@wikimedia.org,China,29,personal,199,6,3,346,2,0,0,1,1,1,1,598,123,0146,ejacobsj7,M,jrussell41@theglobeandmail.com,Philippines,25,personal,324,19,12,626,2,0,0,0,0,1,1,327,220,0548,sbennett6f,F,barnoldf7@yale.edu,China,22,business,1774,6,5,4621,3,1,0,0,1,1,0,5392,745,125,rflores8w,F,pwilliamso@paypal.com,Czech Republic,20,personal,286,24,14,763,3,1,0,1,1,0,1,289,69,1591,rtorres25,M,rgilbertge@joomla.org,Brazil,21,personal,274,31,31,700,3,1,0,1,1,0,1,832,63,1195,aflores4b,M,tortiz5e@sun.com,China,24,business,859,11,1,2141,3,0,0,0,1,1,1,885,223,1683,hjohnstonnh,M,arichardsiy@rambler.ru,Russia,23,personal,278,14,8,756,3,0,0,1,1,1,1,558,128,1514,lrichards6c,F,dfraziere9@exblog.jp,China,30,personal,853,22,14,1301,2,1,0,1,1,1,1,1748,580,1332,flee59,F,igray97@hatena.ne.jp,China,21,personal,1095,21,21,2524,2,1,0,1,1,1,1,1106,252,1733,pmeyere5,F,tarnoldkc@cafepress.com,Indonesia,18,personal,489,6,0,527,1,0,1,1,1,1,1,508,308,0163,sreidh,F,tgrant4i@nbcnews.com,Argentina,28,personal,931,22,8,2436,3,1,0,0,1,1,1,1880,400,1334,mcoxm,M,cstevens99@archive.org,Argentina,19,personal,1891,8,0,2324,1,1,1,1,1,1,0,3800,1248,1751,bhawkinsnl,M,aleeku@infoseek.co.jp,Russia,30,personal,1063,21,21,1667,2,1,0,1,1,0,0,2157,436,1390,llopez30,F,ksandersat@hao123.com,Canada,28,personal,533,6,4,1078,2,0,0,0,1,1,1,1614,234,0315,cberrycw,F,amurphy8q@amazon.co.jp,Indonesia,27,business,1680,9,5,4260,3,1,0,0,1,1,1,3444,403,1134,lbrooksk9,M,sdiaz3p@pen.io,Poland,23,personal,386,18,14,773,2,1,0,1,1,1,1,390,93,0439,aallen5s,F,kgarzac6@plala.or.jp,China,19,personal,57,10,2,124,3,1,1,1,1,1,1,59,39,0460,jmooreqq,M,gevanscr@taobao.com,United States,26,business,366,6,5,863,2,1,0,0,1,1,0,743,95,0110,dbutler3x,M,fhall31@i2i.jp,China,19,personal,240,2,2,318,1,0,0,0,1,1,0,722,149,1603,abowmanjp,M,gromerogq@amazon.de,Philippines,20,business,1704,14,0,3137,2,1,0,0,1,0,1,5181,1125,1475,creedhd,M,erogersd6@imdb.com,Mongolia,19,personal,747,5,0,2060,3,1,1,0,1,1,1,2248,202,040,mcampbelld,F,tyoung13@patch.com,Argentina,20,personal,157,8,5,442,3,1,0,1,1,0,1,165,75,1746,gfreemanbk,M,alongkp@who.int,Greece,29,personal,2155,9,1,3592,2,1,1,1,1,1,0,4331,582,1947,ddaylt,F,dwilliamsonqa@amazon.co.jp,Portugal,18,personal,693,27,11,971,1,0,0,1,1,1,1,721,298,1883,spetersonpy,F,gdavisoi@bravesites.com,Uganda,22,personal,996,9,5,2521,3,1,0,1,1,1,1,2033,249,1304,palexanderje,M,rortiz8f@cocolog-nifty.com,Philippines,21,personal,218,9,8,402,2,0,1,0,1,0,0,661,57,1981,jwalkery,M,redwardsr8@smugmug.com,Argentina,18,personal,1433,4,0,4129,3,1,0,1,1,1,0,4328,373,1486,jbrooksdh,M,jburtondh@wikia.com,Indonesia,23,personal,91,13,0,125,2,0,0,1,1,0,1,188,62,199,rholmesj3,M,rperkins2q@booking.com,Philippines,23,personal,279,7,3,811,3,0,1,0,0,0,1,562,59,1108,jsmithcf,F,sstone2z@state.gov,Indonesia,30,personal,684,16,13,1360,2,1,1,1,1,0,1,2066,164,1634,mgibsonp4,F,dschmidthl@oracle.com,Sweden,20,business,292,17,15,712,3,1,0,0,1,0,1,298,140,1766,bhamiltongt,M,crobertsonl9@hc360.com,Malawi,19,business,498,31,24,661,1,1,1,0,1,0,1,1498,219,1614,bmarshallqx,M,egomezh1@kickstarter.com,United States,23,personal,342,25,4,662,2,1,0,1,1,0,1,1039,75,136,bwilliamsonpz,M,jbarnesz@1und1.de,Ukraine,27,personal,2576,7,2,4996,2,1,0,0,1,1,1,2679,695,1982,dmurphyf0,M,tmeyerr9@macromedia.com,Indonesia,27,personal,510,12,9,998,2,1,0,1,1,1,1,1029,341,0961,jweaver9a,M,aburtonqo@google.co.uk,Czech Republic,27,personal,857,22,15,1372,2,1,0,0,1,1,0,1748,223,1319,pmitchelljg,F,dparker8u@xing.com,Philippines,19,personal,1012,17,8,2283,2,1,1,0,1,1,0,1022,425,1273,rmccoymd,M,charris7k@digg.com,Russia,27,personal,1307,9,4,2052,2,1,0,1,1,1,0,1359,627,0887,lwilsoneq,F,lortizom@360.cn,Indonesia,28,personal,285,8,5,298,1,1,0,1,1,1,1,297,194,1351,nmorgana,F,etaylor9q@goodreads.com,Angola,21,personal,530,30,7,1115,2,1,0,1,1,1,1,540,143,1474,mroses,F,pclarkd5@fastcompany.com,Argentina,21,personal,588,9,2,752,1,1,0,0,0,1,0,1193,159,1488,plittle65,M,tperrydj@spotify.com,China,18,personal,112,13,0,263,3,1,1,1,1,1,1,228,54,1574,chayesds,F,kdanielsfx@pbs.org,Indonesia,22,personal,182,24,8,316,2,0,1,1,0,1,1,185,74,1577,thudson6j,F,tgrahamg0@imdb.com,China,29,personal,433,20,11,940,2,1,0,1,1,1,0,1304,199,1587,jkelleyod,M,nspencerga@usda.gov,Slovenia,22,business,241,1,1,673,3,1,0,1,1,1,0,253,116,1358,rweavermp,M,rbryant9x@ted.com,Russia,18,personal,201,31,31,188,1,0,0,1,1,1,1,409,124,0898,ssims1a,F,tcrawfordox@spiegel.de,Bangladesh,28,business,1231,12,4,1560,1,0,0,0,1,1,0,1268,751,1567,hgibsonaf,F,lberryfq@constantcontact.com,France,23,personal,73,17,10,145,3,0,0,1,1,1,1,220,49,1654,mpeters8q,F,kwillisi5@163.com,Comoros,26,personal,813,10,1,1572,2,0,1,0,1,1,1,1635,504,1377,sfieldsqm,M,fmillsag@narod.ru,United States,29,personal,1671,24,6,1710,1,1,0,1,1,1,0,1704,468,1561,hperkinsh9,M,cfowlerfk@myspace.com,Micronesia,29,business,1414,11,2,3422,2,1,0,1,1,1,0,4256,297,1810,pelliott7n,F,jwelchmh@rediff.com,China,21,personal,1411,6,4,1554,1,0,1,1,0,1,1,1482,917,0866,radamsel,M,jpriceo1@123-reg.co.uk,Indonesia,21,personal,299,8,4,479,2,0,1,0,1,1,0,610,188,1499,amooreqs,M,pramosdu@vistaprint.com,United States,23,personal,1804,3,1,4037,2,1,0,1,1,1,0,3625,505,0723,shayespp,M,hwalkerk2@friendfeed.com,Thailand,23,personal,337,13,3,466,1,1,0,1,1,1,0,692,138,1815,bcooper1k,M,jbishopmm@desdev.cn,Bosnia and Herzegovina,29,business,1538,10,0,3168,2,0,0,0,1,1,0,4660,738,1282,dmillerkc,F,tgutierrez7t@shutterfly.com,Poland,20,personal,1117,2,2,2611,2,1,0,0,0,0,1,1161,503,0557,rross6h,F,pricefg@tripod.com,China,29,personal,1339,4,3,1672,1,1,0,1,1,0,1,4044,629,0964,khenry9b,F,nelliottqr@toplist.cz,Czech Republic,27,personal,2206,23,7,3779,2,1,0,0,1,0,0,4521,1015,1123,sphillips10,F,dspencer3e@taobao.com,Armenia,26,personal,932,6,6,967,1,1,0,0,1,1,1,2844,214,095,chowardo7,M,wlee2m@stanford.edu,Serbia,25,personal,67,22,19,95,2,0,0,0,0,1,1,69,27,1890,sperkinser,F,mgutierrezop@mayoclinic.com,Indonesia,23,personal,562,20,7,1304,2,1,0,0,1,1,1,1708,146,1632,swardqy,M,jgilberthj@fc2.com,United States,27,personal,2032,16,14,3099,2,1,1,1,1,1,1,4145,427,0234,fflores2y,M,sgardner6h@cmu.edu,Canada,30,personal,1664,6,3,4375,3,0,0,0,1,1,1,3379,1015,0500,sharper69,M,msmithdv@php.net,China,29,personal,1350,2,0,3640,3,1,0,1,1,1,0,2713,850,0748,hwarren79,F,sfoxkr@feedburner.com,China,22,personal,110,1,1,217,2,0,1,0,1,0,1,116,46,1309,jholmes9z,M,shudson8k@newsvine.com,Ethiopia,19,personal,148,28,12,274,2,1,0,1,1,1,1,154,98,0871,acarrollen,M,wowenso6@intel.com,Indonesia,20,personal,1006,14,12,2912,3,1,0,1,1,0,0,2042,252,1369,mkingfl,M,dknighta8@army.mil,Jamaica,21,business,163,29,16,281,2,1,0,1,1,0,0,493,104,1193,jhillba,F,ijenkins5c@paypal.com,Greece,22,personal,992,17,16,2738,3,1,1,0,1,1,1,2034,218,1568,afranklinh5,F,krobertsfr@aol.com,Mexico,18,personal,300,29,8,580,2,1,0,0,1,1,1,603,144,1549,jtuckern3,M,jjacksonf8@mozilla.com,Russia,26,personal,568,12,0,1141,2,1,0,0,1,1,1,1148,369,1518,jchapmanmy,F,lalexandered@gizmodo.com,Russia,25,personal,136,7,4,375,3,1,0,1,1,0,1,142,85,1483,jmorris63,M,sbryantde@si.edu,China,21,personal,98,19,2,189,2,1,1,1,1,1,0,298,64,1909,aruizeu,M,ktuckerp8@spiegel.de,Indonesia,20,business,490,10,3,857,2,1,0,1,1,0,1,989,308,1717,crose3a,F,ttaylorjw@independent.co.uk,Chile,25,personal,1080,23,23,1336,1,1,0,1,1,0,0,1134,281,1622,psimpson6t,M,rrobinsonh9@mail.ru,China,28,business,224,16,7,562,3,1,0,0,1,1,1,231,152,1246,kalvarez4s,M,jbarnes6t@amazon.com,China,30,personal,1230,7,6,1526,1,1,0,1,1,1,1,2472,529,1706,delliotte3,F,pfreemanjl@weebly.com,Indonesia,20,personal,1562,13,7,2869,2,1,0,1,1,1,0,4765,953,118,bwright3h,M,preynoldsh@lycos.com,China,23,personal,2032,11,5,3594,2,1,0,0,0,1,1,2072,467,1155,cwarrenfq,M,rcampbell4a@tripadvisor.com,Japan,21,personal,1643,25,20,4261,3,1,1,1,1,1,0,3336,1085,1434,amendozamv,M,lramosc1@linkedin.com,Russia,28,personal,450,27,25,758,2,1,0,1,1,1,1,909,275,1895,amedina81,F,spetersonou@squidoo.com,China,20,personal,304,22,8,738,3,1,0,1,1,1,1,612,201,1564,tperez6i,F,sdiazfn@seesaa.net,China,21,personal,421,2,2,865,2,1,0,0,1,1,0,850,101,1277,erodriguez4w,M,jmendoza7o@apple.com,China,21,business,160,27,6,318,2,1,0,1,1,0,1,486,107,0221,ahawkins19,M,jgeorge64@multiply.com,Bangladesh,18,personal,571,13,10,1654,3,1,0,1,1,0,1,588,137,1621,ktuckerkn,M,jarnoldh8@cbslocal.com,Poland,18,personal,1892,22,13,4560,2,0,1,1,1,1,1,1987,1268,0189,pmarshall5,M,lgreene58@bloglines.com,Albania,28,personal,934,13,8,2319,2,1,0,1,1,1,0,2820,626,0616,mowensn9,F,lbrooksh3@ycombinator.com,Russia,18,personal,1141,9,1,2973,3,1,0,0,1,1,1,3446,262,1830,fbarnesef,F,kandrewsn1@infoseek.co.jp,Indonesia,27,personal,657,12,3,996,2,1,0,0,1,1,1,683,177,1313,ehawkinsjf,F,swilliamson8o@amazon.co.uk,Philippines,22,personal,975,1,1,2480,3,1,0,1,1,1,1,985,595,1367,jburkems,F,jfranklina6@npr.org,Russia,21,personal,711,9,4,817,1,1,0,1,1,1,1,2170,441,1405,mfordpn,M,ehowellb8@1und1.de,Thailand,30,business,1604,6,5,1680,1,1,0,1,1,1,1,4828,385,1269,pwagnerhi,F,amorales7g@sfgate.com,Mozambique,21,personal,309,12,3,400,1,1,0,1,1,1,0,934,145,1983,jramirezo3,F,chughesra@wp.com,Russia,25,business,531,8,6,1291,2,0,0,1,0,1,0,1088,223,1777,jgutierrezp7,M,sgarcialk@1und1.de,Sweden,24,personal,363,10,6,571,2,1,0,0,0,1,1,371,171,1130,jwhite40,F,mgrant3l@1week.com,China,19,personal,64,31,1,82,2,1,0,1,1,0,0,130,43,1685,vmcdonaldr0,M,aoliverj0@eventbrite.com,United States,22,business,1382,29,27,1503,1,1,0,0,1,0,1,2778,594,0837,sturner7t,F,krobinsonn8@wsj.com,China,25,personal,248,30,20,455,2,1,0,1,0,1,1,751,64,1420,rhall5n,M,wdavisbn@weebly.com,China,30,personal,2168,16,9,4327,2,1,0,0,1,1,0,6569,911,1275,jjamescr,M,aarnold7m@earthlink.net,Indonesia,21,personal,689,15,12,1085,2,0,0,1,1,1,1,2073,441,0344,vfoxpx,M,hhenderson9j@nationalgeographic.com,Uganda,29,personal,641,20,11,1135,2,0,0,0,0,1,1,1314,147,0354,abellay,F,jmurray9t@state.gov,Georgia,18,business,887,14,10,1758,2,1,0,0,1,1,0,904,576,1504,mmyersp2,M,pcrawforddz@sina.com.cn,Sweden,22,personal,127,3,3,329,3,1,0,1,1,0,1,256,33,1829,tstanleynq,F,showelln0@senate.gov,Russia,21,personal,377,27,20,962,3,1,0,1,1,0,1,772,252,1933,dbarnes86,M,ealvarezpw@usnews.com,China,25,business,1489,11,5,4232,3,0,0,0,1,1,1,4542,387,1321,acampbell54,M,pberry8w@exblog.jp,China,30,personal,1083,9,2,2968,3,0,0,1,1,1,1,2188,238,1144,pstonepl,F,lkim3z@google.fr,Thailand,19,personal,116,10,9,160,1,1,0,1,1,1,1,121,31,151,ngomeze,M,pbradley1e@woothemes.com,Argentina,22,personal,1790,17,8,1975,1,1,0,1,1,1,1,3652,824,1575,cgonzalezn6,F,trobinsonfy@usda.gov,Russia,30,personal,106,28,7,167,2,0,1,1,1,1,1,322,44,0852,jmyers7v,F,kyoungnn@scribd.com,China,30,personal,168,1,1,496,3,1,0,0,1,1,1,177,47,1821,amorrisonnp,F,tgonzalesms@psu.edu,Russia,20,personal,180,17,5,442,3,1,1,1,1,1,0,547,122,1118,wbryantch,F,blarson39@ft.com,Indonesia,26,personal,110,20,18,234,3,1,0,1,1,0,0,332,26,1295,kolson2z,F,elong86@timesonline.co.uk,Canada,30,personal,1647,2,0,3512,2,0,0,0,1,1,1,4973,675,0204,iburke6,M,tevans5n@samsung.com,Albania,20,business,2051,20,7,4185,2,1,0,0,1,1,1,4184,513,1831,jharper7s,M,emillsn2@wordpress.com,China,23,personal,158,15,9,304,2,1,0,1,1,1,1,166,100,0686,pburns71,M,rlewisj1@cnbc.com,China,27,personal,246,22,2,609,3,1,1,1,1,1,1,502,157,0259,swellsm9,M,dalvarez76@reuters.com,Russia,23,business,163,2,2,228,1,1,0,0,1,1,0,165,105,0972,sgutierrezey,M,ccooperqz@shutterfly.com,Indonesia,23,personal,367,12,10,1038,3,0,0,0,1,1,0,1112,235,1357,wdixonad,M,mhill9w@cocolog-nifty.com,France,24,business,640,10,9,1506,2,1,0,0,1,0,1,647,173,1442,cpierce5t,M,asnyderc9@rediff.com,China,28,personal,105,9,9,230,2,1,1,0,1,1,1,107,22,0725,dmurrayu,F,jwilliamsonk4@cdc.gov,Argentina,30,personal,1067,16,13,1381,1,1,0,1,1,0,1,2156,438,175,pwarren1q,M,ncook22@un.org,Brazil,21,personal,287,9,0,345,1,1,1,1,1,1,0,864,129,1212,mburkeh2,F,jmcdonald5v@bbb.org,Mexico,24,personal,228,11,11,583,3,0,0,1,1,1,1,468,153,1457,mcoxit,F,mfrazierco@cbc.ca,Peru,25,personal,401,22,17,1006,3,1,0,1,1,1,1,418,165,1801,sowens7k,M,pmoralesm8@homestead.com,China,25,personal,180,9,8,455,3,0,1,0,1,0,0,546,121,1360,amartin9c,F,mhansen9z@cam.ac.uk,Democratic Republic of the Congo,18,personal,1648,13,0,4626,3,1,0,1,1,1,0,1681,692,1672,sbutlere0,M,bcarpenterin@cbsnews.com,Indonesia,19,personal,1912,11,11,3183,2,0,0,1,1,0,1,5774,1243,1481,bford62,M,lwellsdc@princeton.edu,China,28,personal,990,8,7,1393,1,0,1,0,0,0,1,1999,416,132,lramirezfn,F,rnicholsv@ow.ly,Japan,19,personal,320,6,4,385,1,1,1,1,1,0,1,974,70,1270,agonzalesgx,F,bjacobs7h@nba.com,Malta,22,business,1394,26,13,1920,1,1,0,0,1,0,1,1464,376,1912,jgreen83,M,btorrespb@qq.com,China,22,business,60,16,8,105,2,1,1,0,1,0,1,63,26,1955,slawsonc1,F,pmartinqi@vistaprint.com,Hong Kong,30,personal,299,5,2,793,3,1,0,1,1,0,1,909,203,1143,dfreemanl4,M,bwatkins3y@mit.edu,Portugal,22,personal,343,22,2,490,2,1,0,0,1,1,1,704,216,1243,mandrews4p,M,jryan6q@dion.ne.jp,China,20,personal,237,15,11,590,3,1,0,1,1,1,1,722,50,0346,pbrownmn,M,hhughes9l@dropbox.com,Russia,20,personal,108,2,2,140,1,1,0,0,1,1,0,109,25,1629,fphillips16,F,cmillerhg@squidoo.com,Australia,27,personal,1247,25,10,2091,2,1,1,0,1,1,0,2507,574,1485,vcarr64,F,mruizdg@gnu.org,China,28,personal,719,20,0,1001,1,1,0,1,1,1,0,2194,489,0513,wgarza6b,F,ngriffine8@dailymail.co.uk,China,24,personal,1712,12,6,3703,2,1,0,1,1,1,1,5170,1147,1627,dgomeznb,M,jshawhe@blinklist.com,Russia,30,personal,139,23,8,188,2,1,0,1,1,1,1,284,39,1454,wrossop,F,rfranklincl@microsoft.com,Spain,24,personal,243,7,0,294,1,1,0,0,0,1,0,250,100,1727,dblackfy,F,mwalkerk6@plala.or.jp,Japan,23,personal,208,22,15,216,1,1,1,1,1,1,1,631,129,1216,ajonesc2,M,bcunningham5z@ca.gov,Hungary,19,personal,177,29,8,303,2,0,1,1,0,1,1,534,113,1249,sromerom7,F,jhart6w@huffingtonpost.com,Russia,24,personal,120,3,0,206,2,1,0,1,1,1,0,367,29,1414,aporter1x,F,lbennettbh@delicious.com,Brazil,25,business,188,21,6,453,3,1,0,1,1,1,0,386,90,1233,bwesthx,F,jlopez6g@netscape.com,Nigeria,26,personal,1392,15,0,2804,2,0,0,1,1,1,1,4190,599,0970,rjohnstonex,F,acolemanqx@princeton.edu,Indonesia,22,business,1497,5,2,1646,1,0,0,0,1,1,0,3024,674,1231,ksandersab,F,smartinez6e@yolasite.com,France,24,personal,1152,19,13,3111,3,0,0,1,1,1,1,3480,242,1927,dwoodsgu,F,trobertsonpq@miitbeian.gov.cn,Malaysia,21,personal,61,27,18,93,3,0,1,0,1,1,1,125,15,1648,bmurrayrm,M,arobertsonhz@tuttocitta.it,Yemen,24,personal,250,11,3,437,2,1,0,1,1,1,0,254,55,1688,dwalkerni,F,jgrantj3@rediff.com,Russia,23,business,382,12,10,625,2,1,0,1,1,1,0,783,92,1589,vhunterq8,M,cblackgc@fda.gov,Ukraine,20,personal,133,29,24,287,3,0,1,1,0,1,1,402,85,0792,wramosqc,F,mromerolz@canalblog.com,Ukraine,27,personal,384,6,3,542,1,0,1,0,1,1,0,1165,258,1712,tadams76,F,lfisherjr@craigslist.org,China,22,personal,751,28,12,937,1,1,0,1,1,1,0,759,496,0825,mreyes7q,M,ereidmw@vk.com,China,24,personal,659,18,16,983,2,1,0,1,1,1,0,1324,165,1957,ahamilton8b,M,krichardsonqk@blogger.com,China,28,business,296,31,14,473,2,0,0,0,1,1,0,604,65,155,jgomez3,F,dlittle1i@360.cn,Albania,22,personal,117,14,14,294,3,1,0,0,0,0,1,123,28,0581,rryan6l,M,bhamiltong4@qq.com,China,27,personal,571,9,8,1092,2,1,0,1,1,0,1,593,131,0521,smoralesqu,M,mmartineg@storify.com,United States,26,personal,81,23,21,176,3,1,0,0,1,0,0,166,22,1530,dnguyenjn,M,rolsonep@php.net,Philippines,29,personal,935,17,4,2033,2,1,0,0,1,1,1,1898,196,0106,vcrawfordb8,M,jpatterson2x@php.net,Greece,23,personal,798,21,19,1801,2,0,0,0,0,1,1,1612,168,1758,rclarke7,F,pkennedyl1@mayoclinic.com,Indonesia,26,personal,1073,20,16,1731,2,1,0,0,1,1,1,2177,290,1588,cford6n,F,abutlergb@trellian.com,China,27,personal,1689,28,28,2717,2,1,1,1,1,1,1,3411,811,0286,ahamiltonir,M,tcox7x@virginia.edu,Peru,19,personal,1397,3,2,3687,3,0,0,0,1,1,1,1453,908,0863,jsanders9j,F,jgonzalezny@yahoo.com,Dominican Republic,29,personal,363,18,4,450,1,1,0,1,1,1,0,1095,236,0129,cmatthews3z,F,kburton3k@networksolutions.com,China,28,personal,91,5,3,113,1,0,1,0,1,0,1,186,21,1965,dblackew,F,jdavisqs@freewebs.com,Indonesia,19,personal,1312,25,24,2374,2,1,0,1,1,1,1,3975,551,068,hbarnescb,F,toliver1v@upenn.edu,Indonesia,29,personal,547,7,5,1627,3,1,0,1,1,0,0,569,148,1690,ipierce9p,F,ghughesj5@furl.net,Ecuador,25,business,254,16,5,575,2,1,0,1,1,0,0,768,160,1562,mweaverg2,F,mcoxfl@amazon.com,Kazakhstan,30,personal,103,31,12,134,2,1,1,0,1,1,1,210,50,1619,jriveraaj,F,cramirezh6@ifeng.com,France,19,personal,467,18,10,594,1,1,0,0,1,1,1,1424,196,1702,mmedinako,F,randersonjh@google.fr,Poland,27,personal,119,22,16,281,3,1,0,0,1,1,1,363,77,1945,hwatkinsar,M,vsmithq8@gizmodo.com,France,29,personal,679,28,3,1067,2,1,0,1,1,0,1,1379,448,1366,rfosterd1,M,wruiza5@mac.com,Indonesia,29,personal,104,28,8,134,2,1,1,1,1,1,0,313,65,1768,jgeorge7f,M,ppaynelb@state.tx.us,China,28,business,1009,10,2,1072,1,1,0,1,1,0,1,2048,434,1152,rthompsonci,M,bfowler47@yellowpages.com,Indonesia,23,personal,800,8,8,1157,1,1,0,1,1,0,0,824,488,1956,astevensnz,M,jcrawfordqj@boston.com,Russia,19,business,739,13,6,946,1,1,0,0,1,1,1,2253,473,1419,jlarsonis,M,jgeorgebm@hexun.com,Peru,19,personal,1020,29,29,2946,3,1,0,1,1,1,1,3091,449,1122,rowens0,F,dwatson3d@ask.com,Afghanistan,25,personal,179,24,1,248,2,1,0,1,1,1,0,181,109,1536,aclarkae,F,saustinev@t-online.de,France,27,personal,1409,25,22,3350,2,1,0,0,0,1,1,1466,310,1184,jschmidtj,F,rjones53@theglobeandmail.com,Argentina,29,personal,874,11,9,2107,2,1,1,1,1,1,0,883,533,1132,eschmidt8i,F,ahenry3n@icio.us,Colombia,24,personal,1191,20,1,3180,3,1,0,1,1,1,1,3586,763,1498,jevans68,F,doliverdt@yolasite.com,China,20,personal,275,11,11,618,2,1,0,1,1,1,1,828,124,1687,rtaylor2a,M,jsullivanj2@photobucket.com,Brazil,25,personal,555,27,23,1518,3,1,0,0,1,1,0,1137,344,1480,atorres1z,M,djordandb@weibo.com,Brazil,19,business,1483,7,7,2646,2,1,0,1,1,0,1,1557,712,0709,mburkei1,F,dhansenjo@yandex.ru,Nigeria,23,personal,103,20,6,212,3,1,0,1,1,0,1,105,44,1878,wschmidtii,M,jfranklinod@domainmarket.com,Palestinian Territory,26,personal,363,10,2,1026,3,0,1,1,1,1,1,378,244,0451,asimsde,M,jrossci@nymag.com,Indonesia,26,personal,831,26,11,1403,2,1,0,1,1,1,0,873,515,0797,amontgomeryhj,F,mharrisonm4@opera.com,Mozambique,30,personal,2494,23,6,7190,3,1,0,0,1,1,1,7582,1671,1935,mward2,F,mrussellpy@sciencedirect.com,Afghanistan,22,personal,462,2,1,1350,3,1,0,0,1,1,1,942,120,1522,rwestjm,M,sdaviseh@stumbleupon.com,Philippines,18,personal,108,12,10,111,1,1,0,1,1,1,1,113,68,1808,wday7m,F,sscottmf@google.co.jp,China,21,personal,971,24,22,1719,2,1,0,1,1,1,1,1971,466,1214,mday4f,F,esmith5x@comcast.net,China,29,business,319,18,5,448,1,1,0,1,1,1,1,963,207,1677,jwellsp5,M,jmeyeris@exblog.jp,Sweden,27,personal,354,6,5,435,1,1,0,1,1,1,0,1065,81,169,cwashingtonf,M,jschmidt1w@twitter.com,Argentina,23,business,602,29,5,674,1,0,0,1,0,1,0,1227,168,1628,ekelleyiv,M,mrobinsonhf@vinaora.com,Peru,30,personal,415,6,1,618,2,1,0,0,0,1,1,432,278,1862,dmurphyku,M,jsimmonsnx@abc.net.au,Poland,28,personal,829,31,9,1349,2,1,0,1,1,0,0,1692,348,1417,rwalkerp1,F,rfisherbk@ebay.com,Sweden,21,business,1028,16,1,1536,2,1,0,0,1,0,1,3135,689,070,jwoodgi,F,bparker1x@mapy.cz,Luxembourg,30,personal,1119,10,5,3024,3,1,0,1,0,1,1,3400,302,1456,pgibsonl9,F,cdanielscn@homestead.com,Portugal,22,personal,695,2,0,918,1,1,0,0,1,1,0,2106,188,1991,slee8e,M,jperkinsri@ning.com,China,27,personal,2485,29,20,2848,1,0,0,1,1,1,1,7480,1541,0846,lhernandezei,M,wmendozanh@walmart.com,Indonesia,29,personal,44,13,11,61,2,0,0,0,0,1,1,134,12,0545,mspencerdo,F,aclarkf4@uol.com.br,Indonesia,29,business,479,19,17,820,2,1,0,0,1,1,0,981,215,1886,wmendoza2s,M,sstoneol@1week.com,Bulgaria,25,personal,358,21,6,373,1,1,0,1,1,0,1,1078,100,124,jfloresly,F,jblackn@msn.com,Russia,25,personal,1102,24,6,2356,2,1,0,1,1,0,1,1113,242,1316,jreyes1g,M,wweaver8r@ning.com,Benin,25,business,714,16,1,1471,2,0,0,0,1,1,1,2149,478,1508,fwilsonlc,F,rparkere3@webnode.com,Portugal,25,personal,339,15,13,773,2,0,0,1,1,1,1,342,146,1839,priceeh,F,cwatkinsna@unicef.org,Indonesia,22,personal,927,2,1,1421,2,1,0,1,1,1,1,955,204,1693,anguyenc0,F,mstewartj8@house.gov,Hong Kong,20,personal,361,16,10,604,2,1,0,1,1,1,1,730,101,1297,jjacksonpf,M,holiver88@newsvine.com,Tanzania,29,personal,1017,27,27,2978,3,0,1,1,1,1,1,2064,661,0345,abutlerl5,F,kdixon9k@narod.ru,Portugal,28,personal,102,8,0,142,1,1,0,0,1,1,1,310,44,1159,jfisherbo,F,rramirez4e@webs.com,Guatemala,26,personal,559,1,0,712,1,1,1,1,1,1,0,565,246,1232,jcolemanoy,F,cwatson6f@instagram.com,Sweden,20,personal,1248,9,5,2367,2,1,0,1,1,0,0,2508,561,1720,jraynj,F,mperryjz@technorati.com,Russia,22,personal,1701,11,0,2071,1,0,0,0,1,1,1,3486,714,0341,kspencerpw,F,lturner9g@yandex.ru,Turkmenistan,21,business,2061,14,13,2770,1,1,0,0,1,1,1,4163,433,1489,pmiller66,M,rkimdk@networkadvertising.org,China,18,personal,235,19,6,490,2,1,0,1,1,1,1,246,54,0857,hwilliamsonns,M,pwatkinsns@microsoft.com,Russia,28,personal,440,26,20,458,1,1,1,1,1,1,1,898,207,0659,lfernandezrf,M,jromeroia@rediff.com,Vietnam,25,business,1126,29,0,2406,2,1,0,0,1,1,0,3433,754,0252,hharrisonm8,F,ngonzalez6z@mac.com,Russia,19,personal,1137,22,16,1626,1,0,0,0,1,1,0,3421,466,1901,rjamespr,F,rhudsonp0@istockphoto.com,Thailand,26,business,1786,21,15,3066,2,1,0,0,1,0,1,3661,482,1324,hnguyen8s,M,ggutierrez8z@nasa.gov,Croatia,25,personal,504,21,16,620,1,1,1,0,1,1,1,1022,111,0205,tpetersonra,F,alittle5o@weather.com,Vietnam,22,personal,173,6,6,219,1,1,0,1,1,0,1,522,38,1896,earmstrongk0,M,jharrisov@geocities.com,Philippines,20,personal,1099,25,1,2223,2,1,1,1,1,1,0,2221,242,1151,cjohnstonq0,M,rstone46@reverbnation.com,Ukraine,21,personal,1069,17,11,1174,1,0,0,1,1,1,1,1112,267,1715,jknight77,F,bstevensju@edublogs.org,China,30,personal,235,12,8,290,1,1,0,1,1,1,1,718,111,1236,nlonghy,F,jrogers6j@blogger.com,Nigeria,25,personal,614,30,29,1738,3,0,1,0,1,0,0,1247,258,1452,nfosterjk,F,mbrookscj@google.it,Philippines,20,personal,570,16,3,842,1,1,0,1,1,1,0,1168,125,1599,jbowmanf4,F,dmillergm@symantec.com,Iran,18,personal,311,6,3,693,2,0,0,1,1,0,1,320,78,1409,mgarzada,F,aevansbc@chron.com,Indonesia,19,personal,1508,27,18,4079,3,0,1,0,0,0,1,1523,377,1888,lwood18,F,nwarrenon@tumblr.com,Azerbaijan,20,personal,121,9,0,260,2,1,1,1,1,0,1,127,80,1459,avasquezfj,F,vrosecq@ox.ac.uk,Ivory Coast,21,business,1681,1,1,4098,2,1,0,0,1,0,1,5111,1143,1638,bgonzalesqf,F,jhugheshp@seattletimes.com,United Kingdom,25,business,709,14,3,1140,2,1,1,0,1,0,1,2163,454,1552,emontgomeryf3,F,skelleyfb@nps.gov,Iran,28,personal,563,31,30,693,1,1,0,1,1,0,1,586,158,193,rknightpk,M,rcarter2k@dmoz.org,Thailand,21,personal,2438,31,26,5391,2,1,0,0,1,1,1,7338,1560,1180,wlongjc,F,vfreeman4z@1und1.de,Philippines,30,personal,1694,5,2,2687,2,1,0,1,1,1,1,3421,1050,0407,cmccoykg,F,halexanderba@ftc.gov,Poland,27,personal,333,4,1,487,1,1,0,0,1,1,0,683,157,1925,ahayesrj,F,jryanpo@rakuten.co.jp,Vietnam,21,personal,791,7,5,2117,3,1,1,0,1,1,0,2382,324,1145,rrose44,M,dstevens40@icq.com,China,19,personal,892,21,2,2442,3,1,0,1,1,1,0,2695,402,09,aperezc4,M,pwatson8@phpbb.com,Indonesia,18,personal,151,20,9,260,2,1,0,1,1,1,1,455,68,141,jdiazfa,F,agonzales14@lulu.com,Iraq,24,personal,678,10,5,684,1,1,0,1,1,1,1,2069,441,1258,sfullerbb,F,lpatterson75@seesaa.net,Greece,26,personal,133,23,15,206,2,1,0,0,0,1,0,406,35,1477,cmurraybw,M,nknightd8@paypal.com,Haiti,25,personal,253,22,21,614,3,1,1,1,1,1,1,263,119,154,bwilliamsi7,F,jbaker1h@tripadvisor.com,Pakistan,23,personal,33,23,15,20,2,0,1,1,0,1,1,101,7,1582,pperryqw,M,jparkerg5@indiatimes.com,United States,28,personal,228,29,6,443,2,1,0,1,1,1,0,463,155,1796,jwardea,M,bmillerm3@com.com,Indonesia,27,business,235,2,1,408,2,1,0,1,1,1,0,477,66,1352,lknight5c,F,mhunter9r@fda.gov,China,25,personal,1911,29,20,4611,2,0,0,1,1,1,1,3899,822,038,jhickspe,F,rsnyder11@amazon.de,Tanzania,29,business,2130,23,19,5087,2,0,0,0,1,1,0,6497,937,1854,emorales9q,M,bpaynenp@cnn.com,Ecuador,24,personal,329,14,13,456,1,0,0,1,1,1,1,335,89,1255,athomasb2,F,ddavis72@yale.edu,Germany,22,personal,1223,15,0,1937,2,0,1,0,1,1,1,1284,746,1535,hwalkerc3,F,lknighteu@china.com.cn,Iceland,22,personal,284,6,5,432,2,1,0,1,1,1,0,290,74,1398,achapmand6,F,mweaverb1@addthis.com,Indonesia,28,business,313,18,18,730,2,1,0,1,1,1,0,316,78,1579,kstanley6k,F,lbakerg2@engadget.com,China,22,personal,1714,2,2,2313,1,0,1,1,0,1,1,3463,480,0401,jhalld8,F,njenkinsb4@disqus.com,Indonesia,21,personal,293,11,5,729,3,0,1,0,1,1,0,594,138,1302,sfloresrb,M,rfoster8d@de.vu,Vietnam,18,personal,703,11,5,1037,1,1,0,1,1,1,0,2145,436,0730,chawkinsix,F,jhughesk9@boston.com,Peru,18,personal,50,19,12,58,2,1,0,1,1,1,0,52,10,1470,wcarpenter5y,M,rmoralesd1@google.de,China,30,business,1319,24,9,3230,2,0,0,0,1,1,0,1358,844,1596,jbrooksid,M,cbennettgj@blogs.com,Pakistan,25,personal,275,11,5,567,2,1,0,0,0,0,1,555,71,0264,mmorenoif,F,aboyd7b@slate.com,Palestinian Territory,30,personal,1125,16,2,3230,3,1,0,1,1,0,1,2283,697,0558,awatsoniu,F,amillerfh@tmall.com,Peru,19,personal,548,28,28,1001,2,1,0,0,1,0,0,1119,115,1449,dhudsonq5,F,msmithcg@skyrock.com,Ukraine,21,personal,2066,27,2,5632,3,1,0,0,1,1,1,6301,516,0682,kreynoldsng,M,cbennettix@sbwire.com,Russia,29,personal,826,5,5,1582,2,0,0,0,0,1,1,1669,537,1447,rmartinezgy,F,mwillisce@diigo.com,Malta,28,personal,1530,12,4,1614,1,1,0,0,1,1,1,3107,1025,1487,mhillpo,M,slawrencedi@constantcontact.com,Thailand,26,personal,325,13,8,546,2,1,1,1,1,1,1,978,211,0833,fkelly33,F,nchapmann4@epa.gov,Canada,18,personal,173,2,1,291,2,0,0,0,1,1,1,523,81,0361,ccarrl6,F,jjordana0@wikipedia.org,Portugal,19,personal,267,5,5,605,2,1,0,1,1,1,0,275,179,081,lphillipsce,M,hjackson28@dailymotion.com,Indonesia,30,personal,479,3,3,772,2,0,1,0,1,0,1,1448,115,1281,jkim4x,M,mhayes7s@patch.com,China,25,personal,940,31,15,2573,3,1,0,1,1,1,1,1927,414,0113,asimmonshu,F,sandrews34@163.com,Nigeria,21,personal,189,19,2,399,2,1,0,1,1,0,0,575,124,1700,cortizph,F,arobertsjf@simplemachines.org,Tanzania,19,business,114,2,0,187,2,1,0,1,1,0,0,233,49,1920,randersonk3,F,jperezpj@mashable.com,Philippines,16,personal,288,1,1,7772,27,0,0,0,0,0,0,2914,83,0441,alynchki,M,bmartinezc8@de.vu,Poland,39,business,166,0,0,5505,33,1,0,0,0,0,0,2346,20,0400,lcarrd7,F,mmorrisb3@ezinearticles.com,Indonesia,48,personal,52,0,0,1401,27,0,0,0,0,0,0,728,8,0268,dtaylorql,M,msims7f@shutterfly.com,United States,35,personal,345,0,0,11097,32,0,0,0,0,0,0,4868,69,0585,ldayah,F,blarsong8@360.cn,France,23,personal,1597,1,1,54439,34,0,1,0,0,0,0,16146,479,0987,scarr8u,M,hwillisre@usda.gov,Croatia,39,personal,251,0,0,5059,20,0,0,0,0,1,0,2795,38,0868,kphillipsem,F,drobertso3@simplemachines.org,Indonesia,31,personal,937,0,0,23525,25,0,0,0,0,0,1,12273,150,0169,mstephensgv,F,dwatkins4o@delicious.com,Mali,46,personal,1282,1,1,23132,18,0,0,0,0,0,0,19368,295,0780,kstephenspq,F,rgordonln@archive.org,Thailand,37,personal,1319,0,0,44968,34,0,0,0,0,0,0,14699,185,0520,tmendozah4,M,jreidef@surveymonkey.com,Mexico,15,personal,314,1,1,10364,33,0,0,0,0,0,0,4440,47,0431,egomez1y,F,aowensby@g.co,Brazil,22,personal,1311,1,1,39454,30,0,0,0,0,1,0,18529,262,0386,abell5g,M,jhuntap@miibeian.gov.cn,China,36,personal,135,0,0,3261,24,0,0,0,0,0,0,1643,22,0823,kcrawfordgp,M,sberrymu@meetup.com,Madagascar,40,personal,232,0,0,7921,34,0,0,1,0,0,0,2818,33,0490,bweaverft,M,ewhitedl@buzzfeed.com,Japan,23,personal,1454,1,1,49599,34,0,0,0,1,0,0,21959,247,0834,tsimmonsa1,M,wreedn5@tuttocitta.it,Finland,30,personal,1841,0,0,49970,27,0,0,0,0,0,0,20437,479,0969,jperkinsro,F,kjohnsonqw@dedecms.com,Yemen,25,personal,856,1,1,20616,24,0,0,1,0,0,0,12941,180,0905,jwebbk2,F,bdiazp4@yandex.ru,Philippines,31,business,159,1,1,4589,29,0,1,1,0,0,0,1608,41,0541,mhicksdn,M,crichardsonf0@xrea.com,Indonesia,50,business,762,1,1,15277,20,0,0,0,0,0,0,7736,221,0192,dhenry9r,M,pdean5b@epa.gov,Egypt,48,personal,193,1,1,4815,25,0,1,0,0,0,1,1950,21,0942,jmorrisov,M,akennedyq5@hugedomains.com,Swaziland,21,business,582,1,1,15739,27,1,0,0,0,0,0,7630,64,0788,dmendozaho,F,sfernandezlv@163.com,Netherlands,21,personal,284,0,0,6535,23,0,0,0,0,0,0,2875,62,074,jkellya6,F,lroberts21@arizona.edu,France,46,personal,945,1,1,29340,31,0,0,0,0,0,0,11472,95,0112,tgeorgeog,M,pjones33@yahoo.com,South Africa,45,personal,429,0,0,8177,19,0,0,0,0,0,1,6480,103,0611,pwilliamsdu,F,afloresgy@sciencedirect.com,Indonesia,38,personal,1194,0,0,34719,29,0,0,0,0,0,0,15688,131,065,cwilsonca,M,ajones1s@java.com,Indonesia,34,personal,300,0,0,7834,26,0,0,0,1,0,0,3043,57,0355,bdavismo,F,alewis9u@geocities.com,Russia,38,personal,628,1,1,15094,24,0,0,0,0,0,0,8231,88,0637,rcarpenter1j,F,amooreho@ebay.com,Bosnia and Herzegovina,35,personal,233,0,0,3524,15,0,0,0,0,1,0,2362,70,0280,cgonzalezq2,F,mcook7r@rakuten.co.jp,Ukraine,23,personal,1355,0,0,29941,22,0,0,0,0,0,0,13684,298,0327,jmillerml,F,hwatson92@rambler.ru,Russia,30,personal,1846,0,0,62890,34,0,0,0,0,0,0,22335,517,0466,tbradley5x,M,wrileycx@cbc.ca,China,29,personal,2336,0,0,47070,20,0,0,0,1,0,0,28336,257,0274,asimmonshf,M,fmoore7l@plala.or.jp,Montenegro,25,personal,848,1,1,20401,24,0,0,0,0,0,0,12806,153,0435,jsimpson8m,F,ajacobsc2@google.it,Colombia,21,business,74,1,1,1464,20,0,0,0,0,0,0,819,11,090,mortizhr,M,wfowler2h@eventbrite.com,New Zealand,40,personal,574,0,0,15016,26,0,0,0,1,0,0,6391,132,0775,thart2g,M,smedinali@ebay.com,Brazil,15,business,1103,0,0,33226,30,0,0,0,1,0,0,15587,221,0287,acampbellge,F,bwilliams7y@1und1.de,Libya,33,personal,2178,0,0,54641,25,0,0,0,0,0,0,28529,501,0387,thughes5h,M,wwilliamsonaq@ft.com,China,33,personal,1384,0,0,25108,18,0,0,0,0,1,0,18160,305,0799,jshawh8,M,jmyersm6@yale.edu,Mexico,17,business,133,1,1,4620,35,0,0,0,0,0,0,1346,15,053,cfreemanax,F,jferguson1g@discuz.net,Georgia,28,personal,161,0,0,5481,34,0,0,0,0,0,0,1945,29,084,bwagnera7,M,pkim2b@digg.com,France,47,personal,334,0,0,10704,32,0,0,0,1,0,0,3382,37,0196,ledwards4c,F,sarnold5f@smugmug.com,China,39,personal,621,1,1,21156,34,0,0,0,0,0,0,6916,106,044,sburtono6,F,jmorales17@odnoklassniki.ru,Serbia,31,personal,1570,1,1,28435,18,0,0,0,0,0,0,20570,283,0176,llittleiq,F,toliver4v@goo.ne.jp,Peru,40,Business,195,2,0,1552,8,1,1,1,1,1,1,595,434,1148,jdeanj8,F,mmoore43@usnews.com,Philippines,38,Business,573,3,2,5170,9,0,1,0,1,1,1,1770,2142,1311,ccrawfordbe,M,lberry8m@wikia.com,Greece,34,Personal,274,1,0,2474,9,1,1,1,1,1,1,836,1003,0954,jleelu,F,jcruzqh@hc360.com,Portugal,40,Business,324,1,0,2596,8,1,0,1,1,1,1,994,706,1349,gcruzhb,F,shunt9o@webeden.co.uk,Mongolia,44,Personal,660,3,1,4649,7,1,1,1,0,0,1,1372,1687,18,jrodriguez1f,F,jsmith7@cargocollective.com,Benin,40,Business,737,3,2,5918,8,1,1,0,0,0,1,2271,2725,1571,ljenkinsag,F,lspencerfu@multiply.com,France,25,Business,41,1,0,322,8,1,1,1,1,1,0,84,102,0917,malvarezrp,F,mgrahampg@discovery.com,Zambia,31,Business,792,2,0,6381,8,1,1,1,0,1,1,1631,1990,1380,wortizbg,M,rbrownaj@fema.gov,Greece,27,Personal,1014,2,0,7125,7,0,0,1,1,1,1,2119,1590,162,jgrahamz,M,kmyers1p@canalblog.com,Armenia,38,Business,2211,1,0,17792,8,1,1,1,0,1,1,4599,5703,1312,aaustin9,F,dbowman8n@oracle.com,Angola,33,Business,931,3,0,6555,7,1,1,1,0,0,1,2850,3420,0858,jpeterson2l,M,jpricent@oakley.com,Brazil,44,Business,652,3,0,3940,6,1,0,1,1,1,1,2015,2499,0814,lcoleman8p,M,sgreeneml@ustream.tv,Colombia,25,Personal,841,1,0,6781,8,0,1,1,1,1,1,1758,1248,0388,jperez5i,F,wnelsonar@deliciousdays.com,China,34,Business,226,1,0,1583,7,1,1,0,0,1,1,697,850,0951,aruiz89,M,fharperqe@jiathis.com,China,45,Business,38,1,0,296,8,1,1,1,1,0,1,79,56,1497,pcastillo15,F,dgeorgeds@surveymonkey.com,Australia,30,Personal,42,1,0,327,8,0,0,1,0,1,1,86,104,0227,scruzgl,F,dwatson6a@fc2.com,Macedonia,29,Business,539,3,1,4868,9,1,1,1,1,1,1,1660,2042,0186,jgordonhv,F,cford55@bloglines.com,Nigeria,31,Business,979,3,0,5894,6,1,1,1,1,1,0,2046,1493,148,kstanley3n,M,jgordon1b@fema.gov,China,35,Business,936,3,0,5646,6,1,1,0,0,1,1,2874,3535,0708,arobinson75,M,abradleyjn@google.pl,China,37,Business,177,3,0,1574,9,1,0,1,0,0,1,368,453,0285,ewallace4y,F,jhanson7w@mac.com,China,41,Business,900,3,2,6334,7,1,1,1,0,1,1,1845,2307,1320,cstephensil,F,arussell8v@people.com.cn,Panama,41,Personal,37,3,2,205,6,1,0,1,1,1,0,76,95,1836,bkingqd,M,tpattersonn7@google.com.au,Ukraine,43,Business,797,2,1,6408,8,0,1,0,1,1,1,1642,1987,0848,awilson2j,M,jdiaznj@kickstarter.com,Brazil,27,Business,1220,1,0,9828,8,1,1,1,1,1,1,2538,3046,026,jruizc6,M,bholmesp@ebay.co.uk,Indonesia,36,business,238,44,48,31,1,1,0,0,1,1,0,128,30,1116,jrichardsoncg,F,mmeyer37@go.com,Indonesia,49,business,1264,13,17,253,1,1,0,0,1,0,1,632,154,1133,mhudson4,F,doliver3o@scribd.com,Albania,42,personal,785,20,23,235,1,1,1,1,1,0,1,432,83,092,lmorrison37,F,scook2j@tripod.com,Central African Republic,29,personal,934,36,50,205,0,0,1,1,1,1,0,597,110,1478,nrobertshz,M,jreyesd9@answers.com,Nigeria,30,personal,448,46,46,76,1,0,0,0,0,1,1,233,50,1172,wwilliamsgj,F,tsimmons4r@twitter.com,Luxembourg,41,personal,622,15,20,187,0,1,0,1,0,0,0,317,66,1190,gharrison39,M,bvasquez59@constantcontact.com,Chad,32,personal,877,4,6,140,0,0,1,0,1,0,0,526,100,0160,rsanchezcj,F,tgonzalez4f@homestead.com,Indonesia,42,personal,1546,22,30,386,0,0,0,1,1,0,0,989,214,1336,mgomezkd,M,dduncan9b@mediafire.com,Poland,45,personal,2017,30,32,403,1,1,1,0,0,0,0,1311,262,0300,jhicks50,F,msanchez8b@moonfruit.com,China,35,personal,312,27,27,50,0,1,0,0,0,0,0,162,28,122,calexanderh1,F,bknightl@furl.net,Mexico,50,personal,691,4,11,124,0,0,1,1,1,0,0,407,96,1828,mmendozagb,F,alopezmz@newsvine.com,Latvia,47,business,761,35,48,160,1,0,0,1,0,0,1,495,89,1592,vreyesq9,M,jlynchgf@mit.edu,Ukraine,47,personal,521,41,46,135,0,1,1,0,0,0,0,292,68,1511,awoodmx,M,ggardnere6@fema.gov,Russia,47,business,1876,21,22,488,0,0,0,1,0,1,0,1182,248,139,rkellyc7,M,rberry12@tinypic.com,Indonesia,47,personal,569,22,24,171,0,1,0,1,0,0,0,347,79,1462,malvarezq6,F,maustinct@ucla.edu,Ukraine,31,personal,830,40,43,108,0,1,1,1,1,1,1,415,87,0756,dmartinez7c,F,lnelsonkz@com.com,China,32,business,190,47,52,36,0,0,0,0,1,0,0,105,19,1267,gsimsac,M,sdean7e@lycos.com,France,45,personal,1060,1,8,276,0,1,0,1,0,0,0,615,148,1722,varnoldbj,M,druizk1@nydailynews.com,Greece,44,personal,291,11,16,58,1,0,1,0,1,0,0,148,26,1301,ecooperb3,M,ptucker8c@constantcontact.com,Ghana,43,personal,1160,37,51,197,1,1,0,0,1,1,0,743,166,1229,kthompsongn,F,swatson6c@gravatar.com,Madagascar,49,personal,1533,16,22,307,1,1,1,0,1,1,1,782,182,1993,knelson8f,M,jparkerrk@gov.uk,China,40,personal,1276,17,28,140,1,0,0,1,0,0,0,765,130,0899,cjohnsonk1,F,hgreenoy@va.gov,Philippines,48,personal,134,25,31,27,0,0,0,0,0,1,0,78,16,1606,jcarr32,M,bwhitegt@simplemachines.org,Canada,50,personal,1188,14,28,131,1,0,1,1,1,1,0,689,152,1937,kmartin99,M,marnoldq0@fastcompany.com,Czech Republic,32,personal,329,48,56,89,1,1,1,0,1,1,1,204,46,1559,chayesdq,M,fdanielsfi@nbcnews.com,Indonesia,45,personal,454,11,23,73,1,0,0,0,0,0,0,245,55,0752,aevansg7,M,cmillerkv@uiuc.edu,Kazakhstan,33,personal,246,35,46,57,0,1,1,0,1,1,0,157,33,1228,swest4k,M,kcox6b@yelp.com,China,43,personal,431,59,71,90,1,1,1,1,0,0,1,263,60,0359,cfoster7,M,rjohnson9y@reverbnation.com,Albania,39,personal,87,8,10,19,1,0,1,0,0,1,1,57,10,0496,aellisdi,F,rnguyendr@shinystat.com,Indonesia,47,personal,1400,20,31,294,1,1,1,0,1,1,0,700,142,1482,dalvarez20,M,mcoxdd@npr.org,Brazil,28,personal,824,9,23,189,0,0,1,1,1,0,0,445,89,0353,ecarpenterg9,M,rbarnes9s@blog.com,Kiribati,45,personal,2001,16,29,240,1,1,1,1,1,1,0,1101,205,0818,jwilliamsonec,F,jjordanmp@topsy.com,Indonesia,46,personal,227,33,45,59,1,1,0,0,0,0,0,130,24,1902,kdeanw,F,lfergusonp1@furl.net,Argentina,42,personal,913,13,19,192,1,1,0,1,0,0,1,529,90,1512,rcarterre,F,adiaze7@etsy.com,Vietnam,50,personal,984,3,4,226,0,0,1,1,1,0,1,620,118,1237,aharrison4m,F,mwright6k@mapquest.com,China,44,business,380,21,33,68,1,1,1,0,1,1,0,247,61,1633,erileyal,M,shawkinshk@qq.com,France,37,personal,1134,3,6,306,1,1,0,0,0,1,0,590,128,116,ahayes3g,M,nwestf@cloudflare.com,China,39,personal,422,11,25,80,0,0,1,0,0,0,1,241,59,143,acooperpc,M,jhernandez16@mlb.com,Syria,50,personal,746,28,42,164,0,0,0,0,0,1,0,470,86,1469,kcollinsjl,M,dgilbertd0@de.vu,Philippines,35,personal,2115,22,25,571,0,1,0,0,0,1,0,1290,245,1207,lmills4d,M,cevans5q@arizona.edu,China,38,personal,2459,12,26,295,1,0,0,1,1,1,0,1525,310,1383,nbradley9u,F,mjonesam@joomla.org,El Salvador,31,personal,89,31,31,22,0,0,1,0,0,1,1,53,12,1328,ayoung58,F,sstewart93@linkedin.com,China,34,personal,2561,48,59,589,1,0,1,1,0,1,0,1306,244,183,mdixonfp,M,klong2a@etsy.com,Japan,34,business,236,54,60,31,1,1,0,1,1,1,1,137,28,196,elaneqi,M,jellis2n@jimdo.com,United States,41,personal,442,37,41,75,1,1,1,1,1,0,0,230,38,1649,lcunninghamqa,M,areyesi0@cpanel.net,Ukraine,43,business,779,17,23,226,0,1,0,1,0,0,0,507,96,1202,jwagner2u,F,pwatkins5l@biglobe.ne.jp,Cambodia,40,personal,1271,26,26,356,0,0,0,1,0,0,0,661,119,1173,trussellja,F,jsimpson4s@jiathis.com,Philippines,48,personal,901,29,44,162,1,0,0,1,1,1,1,523,127,1598,awestdt,F,lwarrengl@washingtonpost.com,Indonesia,41,personal,953,6,8,200,1,0,1,1,0,1,0,610,150,1436,kalvarezgs,M,bbellc3@zimbio.com,Malawi,38,personal,613,42,50,104,0,0,1,0,1,1,0,307,71,0392,ebanksd4,F,swestav@whitehouse.gov,Indonesia,37,personal,756,63,88,38,1,0,0,0,0,0,0,265,33,0510,tdunn6a,F,ahernandeze5@illinois.edu,China,52,personal,93,58,70,16,0,0,1,1,0,0,1,46,5,0791,mcoopernn,M,jleely@goo.gl,Russia,43,personal,1487,54,61,134,1,0,0,0,1,1,0,461,77,0759,rcollinsiy,M,emoralesl2@aboutads.info,Peru,42,personal,359,60,83,22,0,0,0,0,0,0,0,180,19,063,mclarkqg,M,jhernandez1q@ucoz.ru,United States,44,personal,343,62,67,41,1,0,0,0,1,0,0,137,16,0484,bcruz21,F,llawrencedf@webnode.com,Brazil,39,personal,342,52,52,34,1,1,0,1,0,0,0,161,16,1786,jperkinsnm,F,ljoneslt@ox.ac.uk,Russia,44,personal,1371,57,67,164,0,0,0,0,1,1,1,425,65,0185,rwebbk,F,acarpenter54@homestead.com,Argentina,46,personal,1078,70,73,54,1,0,1,0,0,0,0,377,36,0384,jnguyen5f,M,jmilleran@hostgator.com,China,48,personal,1271,59,75,102,1,0,0,0,0,0,0,521,73,0763,mlarsonbx,M,gfoxl6@blogger.com,Haiti,36,personal,1790,61,86,304,1,1,0,0,0,0,0,573,82,0463,brichardsia,F,jmyerscu@si.edu,Pakistan,37,personal,335,68,80,27,1,0,0,1,1,0,1,164,17,019,sarmstrongpt,F,dramosi@technorati.com,Tunisia,58,personal,958,53,65,172,0,0,0,0,0,0,0,335,35,0676,cdiazf5,F,bgutierrezir@vistaprint.com,Iran,35,personal,318,69,81,22,0,0,1,1,0,0,1,115,15,0999,jbowman2v,M,jperkinsrq@addthis.com,Cameroon,51,personal,268,59,65,19,0,0,0,0,1,1,0,99,9,0218,cspencergm,M,jferguson61@altervista.org,Madagascar,45,personal,249,62,69,40,1,0,0,0,0,0,0,77,11,0187,bmontgomeryl,F,vdiaz56@people.com.cn,Argentina,38,personal,582,69,84,70,1,0,0,0,1,0,0,285,33,0626,bwoodsna,M,bphillipshd@goodreads.com,Russia,55,personal,2568,70,95,360,1,1,0,1,0,0,0,873,102,0494,bnicholsla,F,bkingdp@go.com,Portugal,56,personal,444,64,91,27,1,0,0,0,1,1,1,155,15,0471,rcastillo5z,M,sfrazierd2@weebly.com,China,55,personal,1412,52,79,184,1,0,1,0,0,0,0,664,84,0253,kjonesfr,M,jvasquez70@paypal.com,Japan,39,personal,1105,52,56,144,1,0,0,0,0,0,0,464,49,0807,rmoraleson,M,lryanme@ucla.edu,South Korea,53,personal,1127,53,55,56,0,1,0,0,0,0,0,518,62,0827,kramirezee,F,pfowlermy@pcworld.com,Indonesia,26,business,1384,14,10,5522,4,1,1,1,1,1,1,2838,3206,0656,rcoleman94,M,egeorgei7@dailymail.co.uk,Czech Republic,32,business,2282,14,5,9095,4,1,1,1,1,1,1,11524,13137,1989,gmasonlv,F,jgomezrg@mlb.com,Portugal,26,business,32,25,25,45,6,1,1,0,1,1,1,99,48,0203,acrawford8z,F,gbailey5m@addthis.com,Czech Republic,32,personal,1643,16,4,6557,4,0,1,1,1,1,1,3352,1586,1547,jgibsonjo,F,lrobinsonf6@clickbank.net,Philippines,26,business,656,14,13,3860,6,1,1,1,1,1,1,3308,1599,1294,jharrisonmi,M,bmatthews85@twitpic.com,Russia,30,personal,68,20,5,148,3,0,1,1,1,1,1,276,128,0178,rgarza49,F,phudson4x@de.vu,China,27,personal,344,17,0,1323,4,0,1,0,1,1,1,696,322,1926,mburke1,M,dgardnerpp@mayoclinic.com,Afghanistan,35,business,1126,9,8,6711,6,1,0,1,1,1,1,3444,2136,1658,bmoralesjr,M,amedinai9@jigsy.com,Philippines,31,business,240,11,8,920,4,1,1,1,1,1,1,729,838,0670,jcolemannf,F,rkelleyil@t-online.de,Russia,34,business,197,16,9,1089,6,1,1,1,1,1,1,998,442,1604,cfergusonlw,F,dsanchezgr@globo.com,Romania,35,personal,313,3,2,1558,5,0,0,1,1,1,1,953,422,0787,ashawv,F,hmorrislu@chron.com,Argentina,35,personal,56,3,1,213,4,0,1,1,1,0,0,282,325,0283,wowensbd,M,srobertson7u@aboutads.info,Greece,33,personal,1704,13,5,6796,4,0,1,1,0,1,1,3526,2292,1240,sstonem6,M,lgreene6n@sciencedirect.com,Russia,32,business,621,25,12,1808,3,1,1,1,1,1,1,2505,1211,0225,mmccoy4j,M,jhansen68@amazon.de,China,30,business,597,22,20,2879,5,1,1,1,1,1,1,1235,560,0721,kbryantll,M,jbryantk0@youtube.com,Portugal,32,business,116,21,14,477,5,1,1,1,1,0,1,587,382,161,smills3q,F,dperry1o@t-online.de,China,27,business,278,2,2,1119,4,1,1,0,1,1,1,852,963,0958,bolson2p,F,mstewartql@1688.com,Brazil,26,business,302,6,6,896,3,1,1,1,1,1,0,619,693,1929,dday98,F,ncoxps@about.com,Czech Republic,31,business,1425,14,1,5715,4,1,1,1,1,1,1,4346,2695,17,kcastillo1m,F,bshaw6@japanpost.jp,Brazil,31,personal,666,18,13,3262,5,0,0,1,1,1,1,1366,888,1250,rgarciao8,M,mwarren6x@baidu.com,Serbia,33,business,92,8,8,338,4,1,1,1,1,1,1,465,293,0413,relliott9f,M,eyoungbg@prlog.org,Denmark,33,personal,102,3,0,300,3,1,1,1,1,1,0,308,188,0507,rthomasib,M,rfreemane2@huffingtonpost.com,Pakistan,31,business,511,6,4,2546,5,1,0,1,1,1,1,2065,1322,0864,jyoungg0,F,sfoxnz@yellowpages.com,Japan,29,business,1211,18,7,6011,5,1,1,0,1,1,1,2457,2801,0410,awilliamsonl8,F,dbryantbd@i2i.jp,Portugal,28,business,242,25,22,1313,6,1,0,1,1,1,1,494,224,0411,csimpsonoi,F,dcarpenterbe@bandcamp.com,South Africa,27,business,229,20,6,1053,5,1,1,1,0,0,1,691,320,0368,aboyd5d,F,aduncana7@reverbnation.com,China,26,business,518,25,21,2481,5,1,1,1,1,1,1,1570,1727,0422,dcoxqo,M,jhansenbp@yelp.com,United States,29,business,77,16,13,305,5,1,0,1,1,1,1,234,150,1519,lmason9h,F,sboydee@cornell.edu,Dominican Republic,25,personal,1079,22,10,5338,5,1,1,0,1,1,1,5459,3385,0845,jhawkins12,F,nmatthewsng@webs.com,Armenia,31,personal,670,5,1,2680,4,1,1,1,1,1,1,1387,1581,0931,kharper85,M,chamiltonpu@va.gov,China,35,business,421,20,9,2011,5,1,1,1,1,1,1,1707,1058,0117,nmedinam0,M,tpeters38@un.org,Russia,27,personal,230,23,15,1251,6,0,1,0,1,1,1,705,320,0711,djordanam,M,vperryjq@bravesites.com,France,35,business,707,20,20,3454,5,1,1,1,1,1,1,2155,955,1774,jnicholsbl,M,eporterlh@accuweather.com,Greece,31,business,442,19,1,2133,5,1,1,1,1,1,1,902,1019,1256,acarroll9t,F,kfernandez73@issuu.com,El Salvador,31,business,880,18,0,3484,4,1,0,1,1,1,1,4436,2750,182,lboydj2,F,fhudson29@cdc.gov,Philippines,31,personal,497,8,2,1962,4,1,1,1,1,0,1,1999,2299,1764,jgreen7e,M,twhitel7@toplist.cz,China,32,business,137,17,17,364,3,1,1,1,1,1,0,415,457,0350,aromero5b,M,bstanley9p@hexun.com,China,29,business,596,12,9,2948,5,1,0,1,1,1,1,1203,533,0372,lcruz5e,M,tkelleyab@1insider.com,China,28,business,971,24,21,2891,3,1,1,1,0,1,1,1982,1249,1432,awarreno9,M,jhawkinsbz@vkontakte.ru,Serbia,31,personal,1536,5,3,6138,4,0,1,1,1,1,1,3133,1911,1209,mgibsonq1,M,sstevens5s@51.la,Ukraine,31,business,1253,24,16,3699,3,1,1,1,1,1,0,6328,2805,1784,lwilliams96,M,arobertslr@archive.org,Czech Republic,30,business,222,6,5,866,4,1,1,1,1,1,1,1114,494,0960,mwilsono0,M,jwebbqn@flavors.me,Russia,31,personal,402,16,13,1165,3,0,0,1,1,1,1,1233,1394,0438,jjacksonr8,M,kolsonc5@fda.gov,Venezuela,26,business,214,18,3,1180,6,1,1,1,1,0,1,869,982,1443,soliver14,M,lrobertsonca@1und1.de,Australia,34,business,277,18,17,1305,5,1,1,0,1,1,1,1126,544,1115,mmorrison3y,F,bnguyen36@reverbnation.com,China,25,business,136,15,7,492,4,1,0,1,1,0,1,687,762,0747,rkingh7,M,hschmidtkq@nydailynews.com,Mexico,32,business,364,7,1,2143,6,1,1,1,1,1,1,1109,536,1362,bricemq,M,dpereza1@trellian.com,Russia,32,personal,1023,13,4,5089,5,0,1,1,1,1,1,4121,2514,1867,tgardnernt,M,tvasquezo2@samsung.com,Russia,30,personal,1120,20,14,3311,3,1,0,0,1,1,0,2307,2630,1876,cjohnston2m,M,mbakerob@ox.ac.uk,Brazil,25,business,242,19,3,903,4,1,1,1,1,1,1,502,306,1427,dlittlerd,M,mpetersonbu@cmu.edu,Vietnam,32,business,1137,2,1,3450,3,1,1,1,1,1,1,3467,1572,0426,jhernandezgo,M,gevansbt@flickr.com,Madagascar,26,business,409,6,2,1222,3,1,1,0,1,1,1,1240,781,1542,broseom,F,aallenf1@rakuten.co.jp,South Korea,33,personal,1449,5,0,7280,5,0,1,1,1,1,1,2957,1833,0613,bphillipskl,M,bvasquezh0@reuters.com,Poland,29,business,177,11,2,667,4,1,1,1,1,1,1,542,235,1635,sraylf,F,ccolemanhm@t.co,Portugal,31,personal,248,7,5,1211,5,0,1,1,1,1,1,751,325,1738,dhudson78,F,sdixonkh@economist.com,China,35,personal,1988,23,15,7958,4,0,1,0,1,1,1,8070,8958,0150,wmills8j,M,eboyd45@vkontakte.ru,Colombia,34,business,980,24,12,5763,6,1,0,1,1,1,1,3958,1834,1597,ecruzai,M,cpaynegk@gov.uk,France,35,business,2187,1,1,11038,5,1,1,1,1,1,1,10999,6819,1904,jarmstrongrr,M,barnoldp3@globo.com,Zimbabwe,32,business,1642,22,8,4894,3,1,1,1,1,1,1,4976,2206,0538,astonehg,F,aalexanderex@latimes.com,Morocco,34,personal,308,25,8,1699,6,0,0,1,1,1,1,624,289,1674,aford29,M,smillsip@deliciousdays.com,Brazil,31,personal,313,6,1,1848,6,0,1,1,1,0,0,959,624,0979,elewiso2,F,wboydr6@jigsy.com,Russia,28,personal,778,22,2,2298,3,0,1,1,0,1,1,3935,4407,0222,bburns4i,M,eelliott65@instagram.com,China,33,business,196,3,0,1168,6,1,1,1,1,1,1,593,368,1643,kgreenedx,M,thendersonhu@jalbum.net,Indonesia,27,business,453,24,20,1311,3,1,1,1,1,1,1,1841,2062,020,jlawsonlx,M,agutierrezj@pinterest.com,Russia,30,business,133,17,15,698,6,1,1,1,1,0,1,275,165,03,bcarrollij,M,wparker2@hibu.com,Panama,32,business,350,11,11,2051,6,1,1,0,1,1,1,1773,839,1739,abanksfz,F,atorreski@example.com,Japan,32,business,82,18,0,390,6,1,1,1,1,1,0,253,288,0565,tray31,F,ngonzalezfo@redcross.org,Canada,27,business,933,6,4,4684,5,1,1,1,1,1,1,1886,874,1140,cdixonm2,F,ksanders3v@friendfeed.com,Russia,30,personal,1806,14,2,9033,5,0,0,1,1,1,1,9121,5929,1921,hrobertsh0,M,hreedpk@theatlantic.com,Mauritius,31,business,709,19,18,2790,4,1,1,1,1,1,1,2859,1744,113,slynchc5,F,nbradleyc@symantec.com,Indonesia,33,personal,113,23,0,366,4,1,1,1,1,1,0,234,104,0322,bkelley55,F,lfranklin8x@mayoclinic.com,China,33,business,227,15,3,644,3,1,0,1,1,1,1,916,424,0745,pmillerpi,F,hcarrollko@linkedin.com,Tanzania,33,business,957,17,2,3779,4,1,1,0,1,1,1,2909,1261,0100,kburkelz,M,jday2r@weibo.com,Russia,26,business,1365,4,0,5510,4,1,0,1,1,1,1,5513,6284,0816,jspencer2i,F,lcarrmn@aboutads.info,Brazil,26,business,378,11,3,1841,5,1,1,1,0,0,1,1907,1240,0476,jgardnerqr,M,jwellsd7@dell.com,United States,34,business,318,13,13,927,3,1,1,1,1,1,1,1287,785,080,jsnydercd,F,mduncan27@dagondesign.com,Indonesia,35,business,87,7,3,243,3,1,0,1,1,1,1,349,398,0903,rpattersonnu,F,jhansenp2@tumblr.com,Russia,28,personal,1743,2,0,6979,4,1,1,0,1,1,1,5315,2409,1946,dcolemanev,M,hwarrenq9@ucla.edu,Indonesia,33,personal,1661,1,0,8315,5,1,1,1,1,1,1,3371,2023,0749,broberts7a,M,jdavisks@e-recht24.de,China,33,business,730,20,9,2868,4,1,1,1,1,1,1,3677,4119,0563,areynoldsn5,M,kmccoyfm@vkontakte.ru,Russia,34,personal,141,22,20,480,4,0,1,0,1,1,1,568,625,0790,kyoungfb,M,rburtonlx@nba.com,Iraq,29,business,1960,24,15,9701,5,1,1,1,1,1,1,9880,4676,0680,kharrison70,M,awellsiv@archive.org,China,32,business,1921,1,0,9638,5,1,1,1,1,1,1,3957,4551,1580,mlee9v,M,cporterg3@g.co,Equatorial Guinea,34,business,1608,23,6,6354,4,1,0,1,1,1,1,8102,5023,1936,pcole87,F,ebrownpz@51.la,China,34,personal,1768,10,6,7086,4,1,1,1,1,0,1,8876,4113,1418,hbennettmu,F,hhartbl@hao123.com,Russia,32,business,2055,22,4,12260,6,1,1,1,1,1,0,8261,9252,1284,wmartinjd,F,alewis7v@nationalgeographic.com,Philippines,25,business,373,2,0,1864,5,1,0,1,1,1,1,1509,684,0331,jdavisfs,F,khunt96@wired.com,Japan,25,business,584,1,0,2934,5,1,1,1,0,1,1,2951,1279,0928,mlarsonnw,F,lreynoldspr@biglobe.ne.jp,Russia,33,personal,1061,22,14,3140,3,0,1,1,1,1,1,3216,1555,1437,kjohnston5r,F,cduncanc4@phpbb.com,China,27,business,226,25,21,813,4,1,1,1,1,1,0,458,212,1785,jramirez7j,M,bdeanls@ebay.co.uk,China,34,business,2015,17,10,8034,4,1,1,1,1,1,1,10218,4530,1793,mspencerhq,F,mraym0@dmoz.org,New Caledonia,34,personal,885,6,3,5298,6,0,0,1,1,1,1,4458,4993,0154,ethomasm3,M,mwright49@prlog.org,Russia,25,business,791,3,3,3177,4,1,1,1,1,0,1,1598,1007,0671,lstevenshs,F,chamiltonim@unblog.fr,Nicaragua,28,business,260,11,6,762,3,1,1,0,1,1,1,537,338,1340,balvarezrc,M,hnichols9f@marriott.com,Vietnam,33,business,1484,19,0,5921,4,1,0,1,1,0,1,7525,3411,1429,sfloresdc,F,cturnerbw@angelfire.com,Indonesia,25,business,536,23,1,3097,6,1,1,1,1,1,1,1644,1069,0412,hwarren1w,F,mnguyenbf@sitemeter.com,Brazil,27,personal,151,14,6,555,4,0,1,1,1,1,1,764,848,1147,dcoleav,M,farnold42@blogs.com,Gabon,33,personal,662,13,5,2621,4,1,0,0,1,1,0,3322,1473,1450,dmason5u,F,ndanielsch@1week.com,China,45,Personal,1195,1,0,7221,6,1,1,1,0,0,1,2461,1796,1724,jadamspd,F,dortizk3@thetimes.co.uk,Taiwan,26,Business,2461,1,0,19776,8,1,1,0,0,0,1,5020,6174,176,crosel2,F,nhayes23@1week.com,Portugal,41,Business,823,2,0,5787,7,1,1,1,1,1,0,2543,1831,0404,astonep,M,alopezb7@indiatimes.com,Argentina,40,Business,633,1,0,5073,8,1,1,1,0,1,1,1949,2358,1975,ckennedy8c,M,ralexanderr2@globo.com,China,35,Personal,334,2,0,3000,9,0,0,1,1,1,1,694,854,1832,asandersbt,F,bthompsonn3@lycos.com,Guatemala,40,Business,988,1,0,6938,7,1,1,1,0,1,1,3033,3670,1773,jhansen2f,F,lmillerlg@ibm.com,Brazil,45,Business,2083,3,0,12627,6,1,1,1,0,0,1,4333,5200,0767,sgrant2d,M,tmatthewsla@friendfeed.com,Brazil,42,Business,1343,3,2,9458,7,1,0,1,1,1,1,2739,3341,04,mthomas3c,F,lpowell3@vinaora.com,China,43,Personal,376,3,1,2256,6,0,1,1,1,1,1,1156,1445,0223,phayes9s,F,kwelch66@usa.gov,Egypt,25,Business,69,3,0,400,6,1,1,0,0,1,1,211,257,0646,jgilbertnd,M,jhunthx@jimdo.com,Russia,26,Business,1198,1,0,7215,6,1,1,1,1,0,1,2503,3028,1694,cpalmerli,F,tstanleyj9@cam.ac.uk,Portugal,34,Personal,377,2,0,2276,6,0,0,1,0,1,1,774,580,0809,hberryi3,F,enelsonmg@ihg.com,Nigeria,40,Business,61,1,0,482,8,1,1,1,1,1,1,188,135,0139,ccook43,F,dblack3u@ibm.com,China,26,Business,773,1,0,4693,6,1,1,1,1,1,0,1615,1195,198,agardnerk7,M,amills2p@cafepress.com,Poland,28,Business,587,3,1,5304,9,1,1,0,0,1,1,1204,855,0330,hbishopbr,F,kroberts95@wp.com,Guatemala,38,Business,1909,3,1,15398,8,1,0,1,0,0,1,5879,4292,0959,kwebbky,F,alarsonqm@123-reg.co.uk,Poland,29,Business,216,1,0,1521,7,1,1,1,0,1,1,659,798,1769,epowelllm,F,acunninghamlc@sakura.ne.jp,Portugal,31,Personal,1008,1,0,6073,6,1,0,1,1,1,0,3105,3819,1168,aortiz8y,F,dknight4n@stumbleupon.com,Czech Republic,39,Business,614,2,0,4303,7,0,1,0,1,1,1,1885,2337,0992,twillisps,F,lfowlerrj@amazon.com,Togo,28,Business,302,1,0,2424,8,1,1,1,1,1,1,618,755,0662,ssandersiw,M,lowensid@hexun.com,Peru,40,Business,1365,3,1,9614,7,1,1,1,1,1,1,4176,3132,1393,jhayesoc,F,lhowardaw@unc.edu,Slovenia,43,Business,630,1,0,4427,7,0,1,0,1,1,1,1285,925,1532,acrawfordgg,M,jstanleyer@state.gov,Lithuania,30,Personal,339,2,1,3055,9,1,1,1,1,1,1,708,517,0918,ebennett97,F,aholmesph@discovery.com,Czech Republic,37,Business,1136,3,2,10284,9,1,0,1,1,1,1,3475,2502,1524,rriley6e,M,ebaileyej@bloomberg.com,China,36,Personal,361,2,1,2532,7,1,1,1,0,0,1,1096,778,1798,ldavisln,M,jcolemanm5@scientificamerican.com,Portugal,30,Business,1007,2,1,8093,8,1,1,0,0,0,1,3113,2334,1891,rcooperbn,F,bmatthewsoq@gov.uk,Guam,25,Business,175,3,1,1035,6,1,1,1,1,1,0,363,265,0976,wcollins2r,M,jgordonr3@w3.org,Brazil,29,Business,1724,1,0,12202,7,1,1,1,0,1,1,3552,4405,1265,gpalmerg1,M,cross7c@google.com,Jordan,42,Personal,994,1,0,7022,7,0,0,1,1,1,1,2078,2514,1625,bwright6u,F,dwarrenhc@netscape.com,China,27,Business,1246,2,0,8746,7,1,1,1,0,1,1,2604,3256,1639,jhunt6v,F,khudsonhq@livejournal.com,China,41,Business,729,3,1,5854,8,1,1,1,0,0,1,1524,1067,0605,ipowelljq,F,bbennettgs@simplemachines.org,Philippines,43,Business,507,1,0,4065,8,1,0,1,1,1,1,1039,779,030,wadamsgf,M,rhayest@simplemachines.org,Lithuania,27,Personal,749,3,2,5253,7,0,1,1,1,1,1,2315,2778,0813,dfieldslo,M,rfraziermk@w3.org,Portugal,39,Business,283,1,0,2547,9,1,1,0,0,1,1,580,719,0865,malexanderlr,M,tfraziero0@clickbank.net,Portugal,37,Business,1668,2,1,11782,7,1,1,1,1,0,1,3437,2543,1495,dreyesgw,F,dmyersdq@hp.com,Mali,34,Personal,1200,3,1,8418,7,0,0,1,0,1,1,2473,1731,0782,hfox7h,F,djacobslp@senate.gov,China,39,Business,573,1,0,4602,8,1,1,1,1,1,1,1198,839,0923,fhughes8t,F,hriverapm@icq.com,Croatia,27,Business,488,1,0,4408,9,1,1,1,1,1,0,1014,710,1760,slawrencean,M,dortizl3@last.fm,France,32,Business,802,1,0,5654,7,1,1,0,0,1,1,1636,1194,0995,apierceaw,M,rwatsonrm@w3.org,Gambia,31,Business,931,2,0,5638,6,1,0,1,0,0,1,2867,2093,0533,fthomasn1,M,awebbes@etsy.com,Russia,38,Business,50,3,2,424,9,1,1,1,0,1,1,154,110,1743,lhamiltonr2,M,dwallacekm@lulu.com,United States,31,Personal,732,3,1,5879,8,1,0,1,1,1,0,2256,1601,1885,ltucker7z,M,wrobertsonok@goodreads.com,China,35,Business,106,1,0,957,9,0,1,0,1,1,1,326,231,0968,swagneras,F,pmooreqv@phoca.cz,France,45,Business,1540,3,0,12360,8,1,1,1,1,1,1,4744,3321,0713,bgordonlj,M,jbrownjs@narod.ru,Portugal,38,Business,156,3,2,1227,8,1,1,1,1,1,1,478,574,1543,bstewartoj,F,trodriguezf2@cocolog-nifty.com,South Africa,39,Business,413,2,1,2891,7,0,1,0,1,1,1,863,612,1142,ageorge2t,M,lwood3x@cocolog-nifty.com,Cambodia,42,Personal,1055,3,2,7428,7,1,1,1,1,1,1,3250,3900,0305,ckelley51,M,slawson8g@dmoz.org,China,44,Business,1787,3,1,14322,8,1,0,1,1,1,1,3663,2674,1425,gsimmonsfi,F,cjenkinsbs@spiegel.de,Ivory Coast,30,Personal,384,1,0,2698,7,1,1,1,0,0,1,795,557,1554,srossdp,F,pschmidtfd@washington.edu,Indonesia,36,Business,417,1,0,3365,8,1,1,0,0,0,1,872,611,1348,sjohnsonn,F,hcarter9n@dagondesign.com,Argentina,35,Business,1457,1,0,10247,7,1,1,1,1,1,0,3000,3660,0188,lgutierrezi5,F,dperez57@hhs.gov,Norway,38,Business,938,1,0,5658,6,1,1,1,0,1,1,2860,3489,111,charrison3f,M,wjohnstona@dagondesign.com,China,32,Personal,1058,1,0,8541,8,0,0,1,1,1,1,3259,2379,1984,gcooperl0,F,sshawrb@japanpost.jp,Poland,33,Business,574,3,0,4599,8,1,1,1,0,1,1,1193,847,1472,ssanders8r,M,jlongd3@nifty.com,Costa Rica,39,Business,572,2,0,4601,8,1,1,1,0,0,1,1190,1428,0421,rboydq4,F,bwoodbo@free.fr,Ukraine,45,Business,1564,3,1,9476,6,1,0,1,1,1,1,3206,3912,01000,whicksr4,M,phartrr@columbia.edu,United States,34,Personal,77,3,0,591,8,0,1,1,1,1,1,233,291,0306,aarmstrong52,M,ethompson8h@usnews.com,China,28,Business,2069,3,2,18678,9,1,1,0,0,1,1,6311,7573,0506,srobertsqt,M,ehunte1@hud.gov,United States,31,Business,169,3,2,1175,7,1,1,1,1,0,1,517,377,1755,sjackson7b,M,cstevensky@bravesites.com,China,40,Personal,97,2,1,670,7,0,0,1,0,1,1,294,209,0667,mstanleya0,F,dfieldsii@miitbeian.gov.cn,Finland,27,Business,1176,3,2,10607,9,1,1,1,1,1,1,2459,2999,0526,jmurray22,M,hhansonel@accuweather.com,Brazil,28,Business,143,3,2,842,6,1,1,1,1,1,0,295,366,1938,dschmidtnx,F,vfrazierq1@wufoo.com,Russia,38,Business,1716,3,2,13810,8,1,1,0,0,1,1,5269,6587,0292,pfieldsct,F,tgardner83@google.cn,Indonesia,40,Business,2482,2,0,15003,6,1,0,1,0,0,1,7594,5392,0385,rpeterson9o,M,rkennedyao@google.es,Ecuador,33,Business,79,2,0,470,6,1,1,1,0,1,1,242,303,1911,cboyd36,F,cgordonpa@i2i.jp,Cayman Islands,31,Personal,330,2,0,2320,7,1,0,1,1,1,0,677,832,1263,hpeterson8k,M,slawson7a@diigo.com,Colombia,29,Business,525,3,1,3688,7,0,1,0,1,1,1,1602,1923,0578,sellist,F,cwillisg1@mit.edu,Argentina,42,Business,203,2,0,1624,8,1,1,1,1,1,1,620,762,0652,jmontgomeryat,M,lpetersi3@columbia.edu,French Guiana,30,Business,139,1,0,836,6,1,1,1,1,1,1,428,317,1913,gbishoprn,F,rmurraypc@rediff.com,Yemen,44,Business,1096,2,1,7723,7,0,1,0,1,1,1,3332,2432,1382,rgilbertgr,M,jwillisal@163.com,Malawi,33,Personal,94,2,1,651,7,1,1,1,1,1,1,197,239,0553,btuckerhh,F,tmontgomeryfc@tiny.cc,Morocco,26,Business,356,1,0,2145,6,1,0,1,1,1,1,739,540,0531,dbakern0,M,cmorriseq@infoseek.co.jp,Russia,35,Personal,240,3,0,1909,8,1,1,1,0,0,1,502,602,191,sweaver3s,F,akelley2i@bing.com,China,41,Business,1051,3,2,7398,7,1,1,0,0,0,1,2165,2663,1595,rcarrio,M,jkennedygi@accuweather.com,Paraguay,32,Business,1487,1,0,9007,6,1,1,1,1,1,0,4581,3252,0